"street_label","street_type","total_trees","total_length","n_segments","density"
"STANLEY PARK DRIVE","Non-city",120,3008.23213753333,27,3.98905385335046
"1400 HOMER ST","Public",53,192.68582278882,1,27.5059157092668
"2600-2700 W 50TH AV","Public",46,329.393892564007,1,13.9650433837541
"5700-5900 BERKELEY ST","Public",46,383.253617290033,4,12.0024959777976
"0-100 E 61ST AV","Public",45,314.924978187108,3,14.2891174460172
"7500-7700 YUKON ST","Public",45,315.522963618313,1,14.2620364248468
"1300-1400 MINTO CRESCENT","Public",42,326.077889744589,2,12.8803581355663
"TRANS CANADA HIGHWAY","Non-city",38,770.32054504403,1,4.93301136059249
"1700-1800 COTTRELL ST","Public",35,256.230627906743,1,13.6595692271177
"5800-6000 HOLLAND ST","Public",34,276.70796489986,2,12.2873224890019
"2700 E 48TH AV","Public",33,296.760103999982,3,11.1200931510666
"3600 TANNER ST","Public",33,323.67685386152,4,10.1953536702746
"4000 W 36TH AV","Public",33,228.650539328694,1,14.4325047720798
"1900-2000 CHARLES ST","Public",31,280.600680427636,3,11.0477280214559
"2300 HARRISON DRIVE","Public",31,279.263522810837,2,11.1006262787132
"2500-2600 E 40TH AV","Public",31,276.555174526613,1,11.2093364563016
"5900 ARGYLE ST","Lane",31,346.045997309103,2,8.9583466478618
"PIPELINE ROAD","Non-city",31,525.459526069737,5,5.89959805883999
"2600 E 22ND AV","Public",30,190.344594260461,2,15.7608888850025
"4200 W 12TH AV","Public",30,220.787016337207,1,13.5877555200896
"7000-7200 BEECHWOOD ST","Public",30,257.662637828008,2,11.643131597537
"2300-2400 E 38TH AV","Public",29,239.926282858842,2,12.0870459269616
"2900 W 30TH AV","Public",29,200.256569019019,1,14.4814225780757
"3500 W 39TH AV","Public",29,239.098554637739,1,12.1288897140923
"700 W 61ST AV","Public",29,281.894257389707,2,10.2875455032448
"2500 OXFORD ST","Public",28,190.456258951391,1,14.7015383764029
"3500 WELLINGTON AV","Public",28,256.30213036744,5,10.9246068145663
"400 E 11TH AV","Public",28,229.113453360335,3,12.2210195819288
"4500-4600 ROSS ST","Public",28,234.392786329334,1,11.9457601227789
"6800-7000 LABURNUM ST","Public",28,263.75938516514,1,10.6157359983491
"900 W 20TH AV","Public",28,206.470554793702,1,13.5612557577407
"1400 E 18TH AV","Public",27,220.654870610317,3,12.2363036561667
"2400 HARRISON DRIVE","Public",27,249.977163043978,4,10.8009866466282
"3000 E 2ND AV","Public",27,183.387952542952,1,14.7228864413415
"400 E 18TH AV","Public",27,197.374012764626,1,13.6796124382384
"400 E 22ND AV","Public",27,191.630524392978,3,14.0896133773714
"4500 W 10TH AV","Public",27,220.640433180256,1,12.2371043288978
"8000-8200 OSLER ST","Public",27,251.160627571383,3,10.7500925846056
"1000 MELVILLE ST","Public",26,146.831005062032,1,17.7074317437355
"1100-1200 E 60TH AV","Public",26,221.065680699138,1,11.7612104772541
"1500-1600 E 35TH AV","Public",26,200.569845738589,1,12.9630652625055
"1700-1800 E 2ND AV","Public",26,280.555316845424,3,9.26733461776633
"2500 E PENDER ST","Public",26,190.379367822556,1,13.6569420822079
"2800 E 22ND AV","Public",26,209.937260910531,3,12.384652389592
"3000 E 7TH AV","Public",26,183.393941542966,1,14.1771313606392
"3100 E 24TH AV","Public",26,184.120616943828,3,14.121177971032
"3400 E 23RD AV","Public",26,183.918773469611,1,14.1366753972487
"5100-5300 PRINCE ALBERT ST","Public",26,195.368202951592,1,13.3082045118889
"700-1000 E 53RD AV","Public",26,232.223152612851,3,11.1961273918909
"800-900 E 64TH AV","Public",26,177.667811048098,1,14.6340520810274
"0-100 W 63RD AV","Public",25,250.546534818207,2,9.97818629506876
"100 DRAKE ST","Public",25,113.492203641204,1,22.0279448260917
"100 W 43RD AV","Public",25,191.057775807131,1,13.0850471248221
"100 W 7TH AV","Public",25,194.708691482264,1,12.8396939087217
"2400 W 41ST AV","Public",25,102.31398520798,1,24.4345872650558
"2800 E 42ND AV","Public",25,208.327039387359,1,12.0003625422409
"3100 E 2ND AV","Public",25,183.451015795834,1,13.6276160104902
"3100 GRAVELEY ST","Public",25,183.378311923828,1,13.633018941948
"3800 W 21ST AV","Public",25,200.563741410246,1,12.4648651965778
"5700-5800 ARGYLE ST","Public",25,231.41931845323,2,10.8029010573084
"5900-6000 INVERNESS ST","Public",25,200.705863584285,1,12.4560386794586
"6500-6600 YEW ST","Public",25,243.698165495302,3,10.2585917908692
"6500-6700 LAUREL ST","Public",25,285.563335684213,2,8.75462528832691
"700 W 64TH AV","Public",25,282.201060160024,3,8.85893199190095
"2200 W 16TH AV","Public",24,171.989318384876,1,13.9543549712157
"2400-2500 BROCK ST","Public",24,226.121174668962,3,10.6137782253854
"2600 E 6TH AV","Public",24,190.556621535586,1,12.5946817311295
"3100 E 7TH AV","Public",24,183.512284927557,1,13.0781435201868
"500-600 E 52ND AV","Public",24,240.46933432381,2,9.9804825706725
"5100-5300 SPENCER ST","Public",24,210.315078039765,3,11.4114500128528
"600 W 39TH AV","Public",24,220.639811848253,4,10.8774567014706
"6700-6800 BEECHWOOD ST","Public",24,239.485277480056,2,10.0214928669253
"8000-8200 CARTIER ST","Public",24,251.670016404958,2,9.53629691086521
"0 W 43RD AV","Public",23,178.809598292441,2,12.8628441759506
"100 W 37TH AV","Public",23,193.940086834216,4,11.8593326297007
"1200 W 37TH AV","Public",23,167.193652437078,1,13.7565031116572
"200-300 E 57TH AV","Public",23,252.820096373696,2,9.0973780683967
"2200 E 35TH AV","Public",23,240.392378740064,3,9.5676910060738
"2300 W 16TH AV","Public",23,171.905093577179,1,13.3794755707304
"2400 W 16TH AV","Public",23,171.90374197724,1,13.3795807673839
"2500 E 24TH AV","Public",23,169.952441963725,1,13.5331977194592
"2800 E 20TH AV","Public",23,198.519188435793,2,11.5857817983368
"2800 GRAVELEY ST","Public",23,198.039011130097,2,11.6138733821947
"2900 E 7TH AV","Public",23,197.823017433753,2,11.6265540271128
"3000 E 27TH AV","Public",23,183.461501372367,1,12.5366901654846
"3500 W 37TH AV","Public",23,239.483179126749,2,9.60401481384504
"4000 W 39TH AV","Public",23,228.183411515457,1,10.0796108916279
"4400-4500 DUMFRIES ST","Public",23,194.063462408039,1,11.8517930756281
"5900-6000 ARGYLE ST","Public",23,174.648295216967,1,13.1693240815359
"6100-6200 LANARK ST","Public",23,201.258038121807,2,11.4281149784834
"0-100 E 63RD AV","Public",22,318.317965849887,3,6.91132840751275
"1000 E 63RD AV","Public",22,183.975833301759,2,11.9580923239605
"1700 W 38TH AV","Public",22,215.333163029123,2,10.2167263465241
"1700-1800 E 3RD AV","Public",22,280.540472501328,3,7.84200575547825
"1900 W 35TH AV","Public",22,226.645673063415,1,9.70678138375243
"2500 E 22ND AV","Public",22,169.522017557324,1,12.977665271451
"2500 E 28TH AV","Public",22,159.876077284936,1,13.7606578630216
"2600 E 23RD AV","Public",22,190.284638174196,2,11.5616269453449
"2600-2700 W 42ND AV","Public",22,232.272688277488,1,9.47162585629412
"3200 E 22ND AV","Public",22,198.271476177107,2,11.0958976168354
"3300-3400 W 34TH AV","Public",22,239.639039348532,1,9.1804741246701
"3300-3400 W 38TH AV","Public",22,239.861534060448,1,9.17195834929318
"4700 W 2ND AV","Public",22,435.342019758972,1,5.05349793989111
"5300-5400 ARGYLE ST","Public",22,227.956623436329,2,9.65095888347587
"5700-5900 OLYMPIC ST","Public",22,281.290317738263,2,7.82110105207059
"5800-5900 TODERICK ST","Public",22,173.772196657766,2,12.6602531493158
"5900-6000 DUMFRIES ST","Public",22,181.065125539644,1,12.1503243291227
"6800-6900 LAUREL ST","Public",22,263.79958046985,1,8.339664513801
"800-900 E 53RD AV","Public",22,174.982315665066,1,12.5726990846951
"1300 W 59TH AV","Public",21,271.653487072375,3,7.73043638287813
"1300 W 7TH AV","Public",21,171.977086706604,2,12.2109290267409
"200 W 37TH AV","Public",21,97.1511879197755,2,21.6157933316689
"2500 E 3RD AV","Public",21,186.665927797781,1,11.2500445302207
"2800 W 30TH AV","Public",21,166.429845100441,1,12.6179291865148
"2900 W 16TH AV","Public",21,181.551261859123,2,11.566981019551
"3000 E 24TH AV","Public",21,182.612480906649,3,11.4997616240344
"3100 E 46TH AV","Public",21,158.51029746495,1,13.2483506345344
"400 E 28TH AV","Public",21,197.478646606679,1,10.6340611305819
"4600-4700 BRUCE ST","Public",21,201.395661988844,2,10.4272355186892
"4800 BEATRICE ST","Public",21,163.053029949082,1,12.8792454863046
"700 E 59TH AV","Public",21,228.734111173881,2,9.18096557274573
"700 W 68TH AV","Public",21,280.119224979278,1,7.49680783300522
"0-100 E 59TH AV","Public",20,305.575653831288,3,6.54502403880717
"100 W KING EDWARD AV","Public",20,189.41912864579,1,10.5585957146913
"1100 E 29TH AV","Public",20,186.918650295929,4,10.6998418661466
"1100 W 7TH AV","Public",20,172.026854869082,1,11.6260917606269
"1600 W 64TH AV","Public",20,222.280420416303,1,8.99764359026427
"1700 W 3RD AV","Public",20,175.763798975111,1,11.3789074409071
"1900 W 7TH AV","Public",20,174.135949553312,1,11.4852792035782
"2400 E 22ND AV","Public",20,149.569875335036,2,13.3716765860773
"2600 E 28TH AV","Public",20,168.472220968593,2,11.8713933282381
"2700 E 22ND AV","Public",20,176.57219264576,2,11.3268118271171
"2700 W 30TH AV","Public",20,184.377600683615,1,10.8473046215192
"2800 OXFORD ST","Public",20,190.39200344101,2,10.5046428623756
"3100-3200 E 46TH AV","Public",20,156.209834748342,1,12.8032911834396
"3800 W 37TH AV","Public",20,200.052425132226,1,9.99737943030727
"400 W 63RD AV","Public",20,171.370280762862,3,11.6706350196598
"4600-4700 HAGGART ST","Public",20,232.727711308103,2,8.59373380487658
"4800 ARGYLE ST","Public",20,163.965370442437,1,12.1976975662806
"4800 COMMERCIAL ST","Public",20,164.75413923079,2,12.1393004712214
"5100-5200 HOY ST","Public",20,220.263942194289,1,9.08001545816268
"5300-5400 BAILLIE ST","Public",20,206.118527579986,1,9.70315489578628
"8300-8500 OSLER ST","Public",20,251.247054528531,2,7.96029232562759
"0 E 23RD AV","Public",19,150.029066205027,1,12.6642126626549
"1200 E 19TH AV","Public",19,139.74204434924,1,13.596480635789
"1600 W 3RD AV","Public",19,171.97419550247,1,11.0481691421706
"1800 W 7TH AV","Public",19,172.114011115388,2,11.0391942392547
"1900 W 8TH AV","Public",19,174.211624822339,1,10.906275639973
"2000 E 25TH AV","Public",19,171.650685824011,2,11.0689916027951
"2500 W 16TH AV","Public",19,165.520228451294,1,11.47895950711
"2600 TURNER ST","Public",19,190.541845099665,3,9.97156293414806
"2800 E 48TH AV","Public",19,151.662765437673,1,12.5277947722826
"300 E 17TH AV","Public",19,140.464706067896,1,13.5265295687986
"3300-3400 W 39TH AV","Public",19,239.833980860127,1,7.92214678331213
"3600 E 46TH AV","Public",19,168.760376578433,4,11.2585669605742
"3900 RUPERT ST","Public",19,99.0429148263961,1,19.1836034241354
"400 E 50TH AV","Public",19,250.098716005329,1,7.59700021794401
"500 E 18TH AV","Public",19,140.365925964445,2,13.5360486310707
"5500-5600 ARGYLE ST","Public",19,231.3091500574,2,8.21411517671699
"6100-6200 LARCH ST","Public",19,206.83609499537,3,9.18601755676413
"7100-7200 INVERNESS ST","Public",19,161.699117962826,2,11.7502187021008
"900-1000 E 53RD AV","Public",19,167.339526258483,1,11.3541614613223
"0 W 37TH AV","Public",18,175.956891603851,1,10.2297783485089
"1100 E PENDER ST","Public",18,152.496999560921,1,11.8035109227242
"1700 E 34TH AV","Public",18,200.507203235789,1,8.97723359037266
"1800 CHARLES ST","Public",18,140.69539201132,1,12.7935959683397
"1800 W 8TH AV","Public",18,128.682670932665,1,13.987897414267
"200 E 21ST AV","Public",18,162.952620976769,2,11.0461555586554
"2000 W 35TH AV","Public",18,189.045767008821,1,9.52150385845992
"2000 WALL ST","Public",18,255.169953314859,2,7.05412207282473
"2700 E 44TH AV","Public",18,152.786919195552,1,11.7811132620338
"2800 CAMBRIDGE ST","Public",18,190.575727091204,1,9.4450643189128
"2900 E 15TH AV","Public",18,199.042846677674,2,9.04327902280698
"3100 RUPERT ST","Public",18,93.2078149525535,2,19.3116854087425
"3100 W 12TH AV","Public",18,140.458411148447,1,12.8151812716835
"400 W 33RD AV","Public",18,87.8832302450842,1,20.4817232477715
"4900 MOSS ST","Public",18,192.547414375756,1,9.3483467738876
"4900-5000 PRINCE ALBERT ST","Public",18,223.789715685825,2,8.04326505569627
"5700-5800 BALSAM ST","Public",18,206.58261392294,2,8.71322114585811
"6000-6100 RUPERT ST","Public",18,313.897843979177,1,5.73434967625774
"6500-6600 LANARK ST","Public",18,211.193601117866,2,8.52298549990362
"6500-6600 MARGUERITE ST","Public",18,241.745433383324,2,7.44584902725268
"6600-6900 CAMBIE ST","Public",18,383.925219294332,3,4.68841302821539
"700 E 6TH AV","Public",18,141.947536752318,1,12.6807413582724
"900 E 11TH AV","Public",18,140.414301560276,1,12.8192070180779
"1000 E 10TH AV","Public",17,140.362331069906,1,12.1115115931876
"1100 DAVIE ST","Public",17,220.919625143016,1,7.69510630347791
"1300 E 19TH AV","Public",17,140.395363232264,1,12.1086620018041
"1300 PACIFIC BOULEVARD","Public",17,168.970419189028,1,10.0609326067789
"1300 W 8TH AV","Public",17,172.054403479404,1,9.8805957047388
"1400 W 59TH AV","Public",17,174.231058285084,2,9.75715820550426
"1400 W 64TH AV","Public",17,148.320885386887,2,11.4616360033561
"1500 W 32ND AV","Public",17,232.18423108214,3,7.32177199147769
"200 E 17TH AV","Public",17,204.126961861855,3,8.32815020854762
"200-300 E 62ND AV","Public",17,302.454904387944,2,5.62067262040325
"2000 W 46TH AV","Public",17,214.650437696122,2,7.91985340559458
"2200 E 53RD AV","Public",17,234.307113265956,3,7.25543487051703
"2200 W 41ST AV","Public",17,102.239534270671,1,16.6276187790468
"2200 WILLIAM ST","Public",17,140.35962634572,1,12.1117449815143
"2800 E 2ND AV","Public",17,197.895865427343,2,8.59037654136412
"3000-3100 W 44TH AV","Public",17,200.012911259845,1,8.49945130687817
"3300 AUSTREY AV","Public",17,149.455882815965,1,11.3745940806715
"3600 WELLINGTON AV","Public",17,228.757840296383,5,7.43143928005898
"3600-3700 W 18TH AV","Public",17,210.391769991867,2,8.08016397250574
"3900 W 21ST AV","Public",17,200.745998371469,1,8.46841288887985
"400 E 60TH AV","Public",17,267.52487192841,2,6.35454934618161
"4400 CAMOSUN ST","Public",17,209.023220400783,4,8.13306768855825
"4700 DUMFRIES ST","Public",17,150.860274373556,1,11.2687054763702
"500 W 19TH AV","Public",17,225.990824361131,2,7.52242930572888
"500 W 63RD AV","Public",17,223.731247469186,2,7.59840218668667
"5900-6000 LARCH ST","Public",17,206.902024431164,2,8.21644932993676
"600 E 11TH AV","Public",17,140.528819364321,1,12.097162757717
"6100-6200 DUMFRIES ST","Public",17,201.313160594548,1,8.44455471753215
"700 E 11TH AV","Public",17,140.394546202142,2,12.1087324685128
"700-800 W 47TH AV","Public",17,224.480400477872,1,7.57304422293018
"7800-7900 OSLER ST","Public",17,204.310902910958,2,8.32065237722967
"8300-8500 CARTIER ST","Public",17,250.860955287203,2,6.77666238675413
"0 E 7TH AV","Public",16,140.451107855147,1,11.3918645743268
"100 W 14TH AV","Public",16,188.452891416537,1,8.49018546743082
"1000 E 11TH AV","Public",16,140.375434984122,1,11.3980056423759
"1000-1100 W 45TH AV","Public",16,216.157039509989,1,7.40202587723755
"1300 E 21ST AV","Public",16,126.310854983122,1,12.6671615057455
"1600-1700 W 60TH AV","Public",16,356.998037123425,2,4.48181735925576
"1900 E 3RD AV","Public",16,140.272494436456,2,11.4063701970083
"200 E 20TH AV","Public",16,170.647073547979,1,9.37607640572957
"300 W 7TH AV","Public",16,140.599120813816,1,11.3798720129889
"3200 RUPERT ST","Public",16,87.2595176277776,1,18.3361086961896
"3800 W 3RD AV","Public",16,220.733225282283,1,7.24856893634319
"400 E CORDOVA ST","Public",16,141.472820210115,1,11.3095928788561
"4000 W 27TH AV","Public",16,223.810589576352,1,7.14890212759198
"4000 W 38TH AV","Public",16,227.571822804085,1,7.03074739343909
"4100 RUPERT ST","Public",16,86.0870224725048,1,18.5858443473408
"4500 SOPHIA ST","Public",16,133.226366498796,1,12.0096347445944
"4700 BEATRICE ST","Public",16,148.187939973533,1,10.7970999548666
"4700-4800 SELKIRK ST","Public",16,188.313758741054,2,8.49645830817984
"500 W 22ND AV","Public",16,157.487987545141,2,10.1595050196536
"500-600 TERMINAL AV","Public",16,186.05515612747,1,8.59960042657357
"600 CHILCO ST","Public",16,64.9100882479716,1,24.649481200636
"7500-7700 OSLER ST","Public",16,259.137470832211,3,6.17432899557774
"0 E 49TH AV","Public",15,156.92896713675,3,9.55846474598206
"0 W 14TH AV","Public",15,140.967610600379,1,10.640742179083
"0 W 28TH AV","Public",15,143.383767491184,3,10.4614352534169
"1000-1100 W 16TH AV","Public",15,222.708652500035,2,6.73525695190386
"1300 BUTE ST","Public",15,219.703913716257,4,6.82737041242341
"1500 W 40TH AV","Public",15,134.156969212328,2,11.1809323720333
"1500-1600 E 58TH AV","Public",15,255.039917878565,2,5.88143225765237
"1800 W 5TH AV","Public",15,171.975841792008,1,8.7221553002435
"2100 W 16TH AV","Public",15,141.337103600909,2,10.612924432324
"2100 W 42ND AV","Public",15,163.910613959427,1,9.15132927493822
"2100 W 6TH AV","Public",15,171.954992324505,1,8.72321285775332
"2400 E 23RD AV","Public",15,149.411801467311,2,10.0393676086435
"2500 E 12TH AV","Public",15,127.180465579554,1,11.7942641046688
"2500 E 7TH AV","Public",15,183.240120214531,1,8.18598022225622
"2700 E 49TH AV","Public",15,261.714670147901,2,5.73143262910067
"2700 W 20TH AV","Public",15,189.95544902516,2,7.89658842480124
"3000-3100 W 31ST AV","Public",15,199.901937862179,1,7.50367913408706
"3200 W 32ND AV","Public",15,210.897551623186,2,7.11245810325988
"3500 E 23RD AV","Public",15,166.1458456099,1,9.0282124990468
"3500 MARSHALL ST","Public",15,176.354675448427,3,8.50558680219771
"3500 W 38TH AV","Public",15,239.299929070216,1,6.26828434855016
"3800 W 24TH AV","Public",15,200.633757187358,1,7.47630917662202
"400 E 51ST AV","Public",15,249.646761813141,2,6.00848971204658
"4000 RUPERT ST","Public",15,99.5738875662249,1,15.0641903882921
"4000 W 37TH AV","Public",15,228.819773492536,1,6.55537752312708
"4300 ST. CATHERINES ST","Public",15,120.586616333624,2,12.439191392932
"4400 QUEBEC ST","Public",15,166.937626291176,1,8.98539192946032
"4600 W 15TH AV","Public",15,222.967251329344,1,6.72744535826187
"4900 SPENCER ST","Public",15,156.337899215105,4,9.59460250860957
"500-600 E 51ST AV","Public",15,240.331919752449,3,6.24136819422512
"5800-5900 MCKINNON ST","Public",15,154.308522857921,1,9.72078516609947
"600 W 22ND AV","Public",15,141.155861125869,2,10.6265513031899
"700 E 26TH AV","Public",15,174.514623365896,3,8.59526824210614
"7300-7400 LABURNUM ST","Public",15,259.687000403101,3,5.77618439764645
"800 E 35TH AV","Public",15,161.640983466118,4,9.27982475629033
"8600 FRENCH ST","Public",15,172.394130798207,2,8.70099227308266
"900 E 10TH AV","Public",15,140.395142989355,1,10.6841302915567
"900 E 16TH AV","Public",15,140.346722495078,3,10.6878163831193
"0 W KING EDWARD AV","Public",14,178.619628654153,1,7.83788439461325
"1000-1100 W 48TH AV","Public",14,267.225901070171,2,5.23901311359925
"1100 E 10TH AV","Public",14,140.313454641432,1,9.97766040026358
"1100 E 19TH AV","Public",14,140.253235043756,1,9.98194444187494
"1100 E GEORGIA ST","Public",14,152.111415836797,1,9.2037799549646
"1200 W 7TH AV","Public",14,172.03282886107,1,8.13798162402252
"1500 DAVIE ST","Public",14,120.465416462562,1,11.6215926621156
"1500 LAURIER AV","Public",14,174.127349712934,2,8.0400925087761
"1700 PARKER ST","Public",14,139.818895199989,2,10.0129528129765
"1800 E 16TH AV","Public",14,133.926727770921,2,10.4534772356618
"1800 HARO ST","Public",14,160.743109150704,1,8.70954908983026
"1800 PARKER ST","Public",14,141.546824898824,1,9.89071991548167
"1900 E 19TH AV","Public",14,185.451678681191,2,7.54913630308376
"2200 W 45TH AV","Public",14,102.347991708551,1,13.6788223845826
"2700 E 54TH AV","Public",14,271.970635952704,3,5.14761453969414
"2700 GUELPH ST","Public",14,100.452048596177,1,13.936997996209
"2800 E 54TH AV","Public",14,153.475305447095,2,9.12198868685492
"3000 GLEN DRIVE","Public",14,112.686885977096,2,12.423805910162
"3000 HORLEY ST","Public",14,216.122082758844,5,6.47782023071731
"3200-3300 QUESNEL DRIVE","Public",14,253.697523892628,2,5.51838259403951
"3400 ONTARIO ST","Public",14,155.894182368314,3,8.98045057699699
"3600 CROWLEY DRIVE","Public",14,80.9237113135031,1,17.3002446041596
"3600 DUNBAR ST","Public",14,100.575372993456,1,13.919908605172
"4000 W 34TH AV","Public",14,228.80269932779,1,6.1188089306338
"4200 RUPERT ST","Public",14,93.1463228476166,1,15.0301155987697
"4400 SOPHIA ST","Public",14,138.208392225052,1,10.1296308962216
"500 E 22ND AV","Public",14,140.354975804755,1,9.9747087124828
"5500-5600 HOLLAND ST","Public",14,187.78224372912,1,7.45544398766226
"5600 MANITOBA ST","Public",14,160.182708896926,3,8.74001950423295
"5700-5800 DUMFRIES ST","Public",14,231.278111328631,2,6.05331819754741
"6100 ARGYLE ST","Public",14,138.577978728288,3,10.1026152412354
"6300-6400 CHURCHILL ST","Public",14,199.497942592036,2,7.01761623107532
"6800-6900 MARGUERITE ST","Public",14,263.794748382521,1,5.30715644865645
"7000-7200 MARGUERITE ST","Public",14,262.155447412383,2,5.34034296757424
"8000-8200 HAIG ST","Public",14,251.516018066901,2,5.56624588270801
"900 W 21ST AV","Public",14,206.364841210115,2,6.78410136043746
"100 E 49TH AV","Public",13,107.883295829336,2,12.0500582597747
"100 W 15TH AV","Public",13,188.491976527941,1,6.89684528724382
"1000 E 16TH AV","Public",13,140.299694610214,1,9.26587904279983
"1000 GARDEN DRIVE","Public",13,100.630725789148,2,12.9185195655241
"1000 ODLUM DRIVE","Public",13,100.956870795416,1,12.8767857973172
"1100 E 13TH AV","Public",13,131.672911628867,1,9.87294944661188
"1300 W 52ND AV","Public",13,172.803548406538,1,7.52299366527832
"1400 E 19TH AV","Public",13,126.50558277857,2,10.2762263249319
"2100 W 43RD AV","Public",13,162.337459642787,1,8.00800999880473
"2100 WILLIAM ST","Public",13,140.322659549961,1,9.26436260664759
"2400 W 10TH AV","Public",13,172.079559550541,1,7.55464509204641
"2500 FRANKLIN ST","Public",13,190.501388663472,1,6.82409723687892
"2600 E 24TH AV","Public",13,190.113022778231,2,6.83803761048218
"2600 GUELPH ST","Public",13,100.407729199323,2,12.947210442528
"300 E 21ST AV","Public",13,140.616085096918,1,9.2450305319195
"300 N KOOTENAY ST","Public",13,110.680364625516,2,11.7455341279233
"3000 W 16TH AV","Public",13,99.0846043025236,1,13.1201008385809
"3100 E 3RD AV","Public",13,183.340897717087,1,7.090616530121
"3300 RUPERT ST","Public",13,81.625966274744,1,15.9263045735268
"3500 RUPERT ST","Public",13,93.0625959097188,2,13.9690923866034
"3600 W 15TH AV","Public",13,150.491575350907,1,8.63835730982774
"3600-3700 W 21ST AV","Public",13,210.66739508538,2,6.17086473905055
"3800 RUPERT ST","Public",13,104.271449374409,1,12.4674588087107
"400 DAVIE ST","Public",13,99.1440866798474,2,13.1122293172957
"4000 W 29TH AV","Public",13,229.561831363146,1,5.66296231512249
"4400 W 7TH AV","Public",13,220.524737336155,1,5.89503026147292
"4900-5000 KERSLAND DRIVE","Public",13,185.156128716796,1,7.02110164545731
"5300-5400 FLEMING ST","Public",13,228.845057415356,2,5.68069948585556
"600 GILFORD ST","Public",13,58.103348798586,1,22.3739255461234
"7000-7200 CYPRESS ST","Public",13,262.17825767071,2,4.95845846085669
"800 E 26TH AV","Public",13,145.107845492571,1,8.95885398606205
"900 E 8TH AV","Public",13,140.403398091628,1,9.25903516346242
"900 UNION ST","Public",13,121.306659608398,1,10.7166416435558
"0 DIEPPE PLACE","Public",12,152.787223835041,3,7.85405984793336
"100 E 50TH AV","Public",12,157.162488634534,2,7.63540976237965
"1000 W GEORGIA ST","Public",12,205.865253759994,1,5.82905555008815
"1000-1200 NOOTKA ST","Public",12,235.656556109233,2,5.09215622859128
"1100-1200 E 11TH AV","Public",12,280.745927947023,2,4.27432735632212
"1100-1200 THORNTON ST","Public",12,206.065929227738,1,5.82337897631684
"1200 E 13TH AV","Public",12,149.227276659323,1,8.04142531354724
"1200 E 51ST AV","Public",12,101.02530691631,1,11.878211872141
"1200 ISLAND PARK WALK","Public",12,372.854777473395,3,3.21841122200889
"1400 DAVIE ST","Public",12,120.52758077803,1,9.95622738176403
"1400 E 21ST AV","Public",12,200.775219254929,4,5.97683321902556
"1400 E 29TH AV","Public",12,128.44813021248,2,9.34229247257203
"1400 GRANT ST","Public",12,182.155161654297,3,6.58779026134552
"1500-1600 E 34TH AV","Public",12,200.505824967235,1,5.98486353299757
"1700 YEW ST","Public",12,97.9997506935719,2,12.2449291095871
"1800 E 49TH AV","Public",12,139.837892804652,2,8.5813650072399
"1800 LAKEWOOD DRIVE","Public",12,100.570159969367,2,11.9319686909667
"2100 W KING EDWARD AV","Public",12,281.140758725997,3,4.26832454119374
"2200 W 20TH AV","Public",12,172.069890008615,1,6.97391042639662
"2300 GARDEN DRIVE","Public",12,100.514344549348,2,11.938594489972
"2300 HEATHER ST","Public",12,93.2592388015944,2,12.8673578663124
"2600 CAROLINA ST","Public",12,100.570490634784,2,11.9319294598823
"2600 E 49TH AV","Public",12,171.728925412038,1,6.98775699621238
"2600 GLEN DRIVE","Public",12,100.526997856658,2,11.9370917821607
"2600 ST. GEORGE ST","Public",12,100.707943352766,2,11.9156439904304
"2700 PRINCE ALBERT ST","Public",12,100.599744488263,2,11.9284597202928
"2700 ST. GEORGE ST","Public",12,100.365300915488,2,11.9563234410113
"2900 E 27TH AV","Public",12,159.718375433628,1,7.51322442857345
"2900 GLEN DRIVE","Public",12,100.562962296589,2,11.9328227072395
"2900 HORLEY ST","Public",12,174.969015729013,6,6.858357149694
"3000 ST. CATHERINES ST","Public",12,98.6411145600507,2,12.165312662495
"3100 E 53RD AV","Public",12,155.450148717974,3,7.71951657747917
"3100 W 16TH AV","Public",12,129.302862348411,1,9.2805370136862
"3200 BRIDGEWAY","Public",12,625.643812479901,1,1.91802424328867
"3300 CAROLINA ST","Public",12,100.60341799,2,11.9280241563888
"3300 SOPHIA ST","Public",12,100.374959306283,2,11.9551729663803
"3300 W 16TH AV","Public",12,145.275055644065,2,8.26019301579269
"3500 W 36TH AV","Public",12,239.279932215602,2,5.01504655609292
"3700 ST. GEORGE ST","Public",12,100.553067074168,2,11.933996992005
"3900 CAROLINA ST","Public",12,100.544643245163,2,11.9349968458686
"400 E 54TH AV","Public",12,250.479768834556,2,4.79080608219744
"400 VERNON DRIVE","Public",12,92.4676888347465,3,12.9775061442768
"4400 ST. GEORGE ST","Public",12,114.076799611014,2,10.5192291867569
"4500 BALACLAVA ST","Public",12,52.766478434888,1,22.7417109421232
"500 W 65TH AV","Public",12,229.74119633609,3,5.22326870033579
"5500-5600 WILLOW ST","Public",12,151.29264187154,1,7.93164813011129
"5700-5800 INVERNESS ST","Public",12,210.856090066063,2,5.69108532565519
"600 W 8TH AV","Public",12,171.955615984729,2,6.97854497585334
"6000 DUNBAR ST","Public",12,174.737591047393,2,6.86744044488131
"6300-6400 ELGIN ST","Public",12,210.561972756935,2,5.69903475109076
"6900 ARLINGTON ST","Public",12,244.617651286009,2,4.90561492063771
"700 W 39TH AV","Public",12,215.587078645216,4,5.56619630239899
"700 W 7TH AV","Public",12,141.517448810839,1,8.47951973472892
"7600-7700 FRENCH ST","Public",12,220.274018581753,1,5.44776005688855
"7800 HEATHER ST","Public",12,192.863743024587,4,6.22200928583564
"7800-7900 VICTORIA DRIVE","Public",12,153.317589025009,3,7.82689062377739
"800 E 23RD AV","Public",12,140.379478112417,1,8.54825802272206
"800 W 64TH AV","Public",12,138.612990371765,3,8.65719725677629
"8200-8400 PRINCE EDWARD ST","Public",12,363.668585204822,1,3.29970761517426
"900 W 59TH AV","Public",12,152.534360770417,2,7.86707987589859
"0 E 26TH AV","Public",11,130.496130894742,2,8.42936869053424
"0 E 50TH AV","Public",11,157.12821014527,1,7.00065251798526
"100 N RENFREW ST","Public",11,115.218524389813,1,9.54707592225733
"1300 DAVIE ST","Public",11,140.439445976693,1,7.83255724451201
"1400 SEMLIN DRIVE","Public",11,93.8205909064251,2,11.7245051365869
"1500 W 36TH AV","Public",11,218.755689532312,1,5.02844064239764
"1600 SEMLIN DRIVE","Public",11,100.581341905267,2,10.9364219960005
"1600 YEW ST","Public",11,98.0894202496413,2,11.2142573296943
"1700 CHARLES ST","Public",11,140.329050142973,2,7.83871905980462
"200 W 7TH AV","Public",11,105.082011378461,1,10.4680143211027
"2000 LAKEWOOD DRIVE","Public",11,100.75345328659,2,10.9177399296785
"2100 LAKEWOOD DRIVE","Public",11,100.320307460214,2,10.9648786755987
"2300 YEW ST","Public",11,93.2522815253919,1,11.7959580399165
"2400 MAIN ST","Public",11,87.2821810832119,1,12.602801469309
"2500 TURNER ST","Public",11,190.679586867126,1,5.76883985366785
"2700 GLEN DRIVE","Public",11,100.664693018693,2,10.9273665573662
"2800 CAROLINA ST","Public",11,100.580716957308,2,10.9364899483357
"2800 W 16TH AV","Public",11,140.427605619506,1,7.83321765793327
"2900 W 20TH AV","Public",11,200.596094447857,1,5.48365611517893
"300-400 W 42ND AV","Public",11,200.589138914394,2,5.48384626382714
"3000 E 5TH AV","Public",11,183.808537070989,1,5.98448808487696
"3000 SASAMAT ST","Public",11,100.606554968701,2,10.9336812133386
"3000-3100 W KING EDWARD AV","Public",11,200.494763924573,1,5.48642756782329
"3200 W 16TH AV","Public",11,140.360380532402,1,7.83696934866937
"3300-3400 W 43RD AV","Public",11,240.420200934794,1,4.57532268803959
"3400 E 5TH AV","Public",11,182.080021501428,2,6.04129981383692
"3500 CAROLINA ST","Public",11,100.761335736465,2,10.9168858467397
"3500 DUNBAR ST","Public",11,100.555300002337,1,10.9392543205026
"3600 CAROLINA ST","Public",11,100.605081109102,2,10.9338413912424
"3600 E 25TH AV","Public",11,182.362639801973,2,6.03193724983629
"3600 RUPERT ST","Public",11,92.9384871093,2,11.8357855202264
"3600-3700 W 24TH AV","Public",11,210.502352288794,2,5.22559481183792
"3700 CAROLINA ST","Public",11,100.60340714212,2,10.9340233223519
"3800 PRINCE EDWARD ST","Public",11,100.558856587118,2,10.9388674188735
"4300 RUPERT ST","Public",11,99.4656676351955,1,11.0590923094631
"4600 DUCHESS ST","Public",11,146.311771793129,2,7.51819205330446
"5300 SPENCER ST","Public",11,122.748584722132,1,8.96140678517872
"5400 COLUMBIA ST","Public",11,164.642799258566,2,6.68113033156394
"5500 CAMBIE ST","Public",11,101.574213724269,1,10.8295202066346
"5600 YEW ST","Public",11,108.484488717128,2,10.1396984306967
"5800 DUNBAR ST","Public",11,105.888957972204,1,10.3882408616086
"5900 FREMLIN ST","Public",11,103.581215282512,1,10.6196861757203
"600 E 14TH AV","Public",11,140.194122083468,1,7.84626333581294
"6000 NANAIMO ST","Public",11,102.353246294904,2,10.7470943992401
"6200-6300 TISDALL ST","Public",11,201.445147302433,1,5.46054355108664
"6300 NANAIMO ST","Public",11,96.7702971000094,1,11.3671243446032
"6400 ONTARIO ST","Public",11,110.626708289791,1,9.94334927799264
"7200 FLEMING ST","Public",11,101.56010534536,2,10.831024606162
"7700 PRINCE EDWARD ST","Public",11,76.4407770869105,1,14.3902252425998
"800 LAGOON DRIVE","Public",11,282.24824034973,4,3.8972785043301
"800 LAKEWOOD DRIVE","Public",11,100.5988500155,2,10.9345186334686
"800 SALSBURY DRIVE","Public",11,50.0592020700985,1,21.9739818956694
"8000-8200 SHAUGHNESSY ST","Public",11,251.208793158677,2,4.37882761255567
"8300-8400 ONTARIO ST","Public",11,285.550076222736,1,3.85221399535532
"8700 FRENCH ST","Public",11,142.016942718557,2,7.74555471300304
"100 E 7TH AV","Public",10,145.45075333776,2,6.8751792414429
"100 W 42ND AV","Public",10,190.895971140374,1,5.23845523834894
"100 W 48TH AV","Public",10,173.978980666467,1,5.74782077794264
"1000 E 22ND AV","Public",10,140.695147146408,1,7.10756568568349
"1000 E 8TH AV","Public",10,140.327424842948,1,7.12619077218287
"1000 TEMPLETON DRIVE","Public",10,100.640364351053,2,9.93637102218553
"1000-1100 W 43RD AV","Public",10,215.996728721581,1,4.62969974554104
"1200 DAVIE ST","Public",10,160.73126373307,1,6.22156496984135
"1200 E 18TH AV","Public",10,140.096743930504,2,7.13792463653588
"1200 W 45TH AV","Public",10,107.971772768192,2,9.26167992209347
"1300 E 20TH AV","Public",10,140.407310146668,1,7.12213629728689
"1300 W 57TH AV","Public",10,271.611333100528,2,3.68173149693236
"1300-1400 ARBUTUS ST","Public",10,221.281887199947,2,4.51912270206017
"1500 W 34TH AV","Public",10,218.733280288025,1,4.57177800599532
"1500 W 60TH AV","Public",10,231.442265220867,2,4.32073199355223
"1600 E 49TH AV","Public",10,100.551692972,1,9.94513339798723
"1700 TEMPLETON DRIVE","Public",10,100.601349750965,2,9.94022448481522
"1800 MCNICOLL AV","Public",10,104.726453224817,1,9.54868583063055
"1800 TRIUMPH ST","Public",10,204.960294841044,1,4.87899376206278
"1900 W 45TH AV","Public",10,205.049844124249,1,4.87686300992286
"1900-2000 W 62ND AV","Public",10,195.51810028218,1,5.11461597957816
"2000 W 30TH AV","Public",10,196.765919466714,1,5.08218091176691
"2100 CHARLES ST","Public",10,140.35869184396,3,7.12460330644664
"2100 FRASER ST","Public",10,100.583696745834,2,9.94196905018224
"2100 YEW ST","Public",10,95.3039144130892,2,10.4927484475145
"2200 BALACLAVA ST","Public",10,93.230128152516,1,10.7261463629449
"2200-2300 WENONAH ST","Public",10,172.006853756243,2,5.8137218265566
"2400 YEW ST","Public",10,101.351760393893,2,9.86662684608149
"2500 ST. CATHERINES ST","Public",10,105.505177126945,2,9.47820786838539
"2600 PRINCE ALBERT ST","Public",10,100.566483012766,2,9.94367079410606
"2600 ST. CATHERINES ST","Public",10,100.577454097692,2,9.94258612898167
"2700 CAROLINA ST","Public",10,100.503128230741,2,9.94993904770944
"2700 E 40TH AV","Public",10,110.171616179098,2,9.0767480289512
"2700-2800 E 54TH AV","Public",10,70.3683926989372,1,14.2109256961202
"2800 GLEN DRIVE","Public",10,100.578724967938,2,9.9424604986668
"2800 PRINCE ALBERT ST","Public",10,100.58156243136,2,9.94218001616777
"2800 ST. CATHERINES ST","Public",10,100.52152390564,2,9.9481181855013
"2800 TRAFALGAR ST","Public",10,77.3319404896724,2,12.9312673866441
"2900 E 3RD AV","Public",10,198.208998012694,3,5.04517963375184
"2900 PRINCE ALBERT ST","Public",10,95.5468133793029,2,10.4660737980888
"2900-3000 GARDEN DRIVE","Public",10,169.619005022145,2,5.89556577029468
"3100 YEW ST","Public",10,104.544115046536,2,9.56533994816318
"3200-3300 DUMFRIES ST","Public",10,198.864395454689,2,5.02855223386555
"3400 CAMBRIDGE ST","Public",10,126.731411705132,1,7.89070354812045
"3500 E 46TH AV","Public",10,131.86600449584,2,7.58345567398719
"3600 W 16TH AV","Public",10,150.506413943482,2,6.64423511130573
"400 W 64TH AV","Public",10,170.750790050893,3,5.85648827570253
"4200 ELGIN ST","Public",10,132.482256110823,1,7.5481806345711
"4300 W 9TH AV","Public",10,220.509429453672,1,4.53495345971178
"4400 W 15TH AV","Public",10,220.681795552845,1,4.5314113812371
"4600 SELKIRK ST","Public",10,122.892505128147,2,8.13719273569403
"4900-5000 WILLOW ST","Public",10,210.40277688339,1,4.75278898317119
"500 W 62ND AV","Public",10,229.66720011533,2,4.35412631624297
"5500 MANITOBA ST","Public",10,101.763023935023,2,9.82675201002783
"5600 COLUMBIA ST","Public",10,155.457989579788,2,6.43260602239265
"5900-6000 CARTIER ST","Public",10,207.942149646606,1,4.8090298272836
"600 SLOCAN ST","Public",10,90.5092546717461,2,11.0485939103879
"6300 TYNE ST","Public",10,129.285393931893,2,7.73482579576466
"6700-6800 LANARK ST","Public",10,177.621890990777,1,5.62993668416651
"700 W 8TH AV","Public",10,141.586434970844,2,7.06282349863478
"7000-7200 CAMBIE ST","Public",10,299.937218710395,1,3.33403104922952
"7100-7200 DUMFRIES ST","Public",10,160.843287815694,2,6.21723177622352
"7600 INVERNESS ST","Public",10,98.0398934290227,2,10.1999294881319
"7700 VICTORIA DRIVE","Public",10,101.675796638362,1,9.83518234488758
"800 E 16TH AV","Public",10,140.434698549798,3,7.12074729626311
"8700 MONTCALM ST","Public",10,141.957493660828,2,7.04436218343818
"900 E 30TH AV","Public",10,141.225479399659,1,7.08087523760542
"0 W 7TH AV","Public",9,140.391914702999,1,6.41062558270513
"100 E 23RD AV","Public",9,90.5355773050663,1,9.94084344287532
"1100 ALBERNI ST","Public",9,221.075651135238,1,4.07100463293195
"1200 E 47TH AV","Public",9,99.9708420708175,1,9.00262497901595
"1200 JERVIS ST","Public",9,109.280384323988,2,8.2356957798733
"1300 BROUGHTON ST","Public",9,109.772698109405,2,8.19875994213983
"1300-1400 FRANKLIN ST","Public",9,216.53377801196,1,4.15639540520228
"1400 E 20TH AV","Public",9,220.84675488184,2,4.07522401894259
"1400 W 47TH AV","Public",9,174.34917078996,1,5.16205494939944
"1500 E 21ST AV","Public",9,95.1455912277101,2,9.45918763430717
"1500 W 57TH AV","Public",9,265.272110457564,2,3.39274263867243
"1600 COTTON DRIVE","Public",9,100.472817768653,2,8.95764665496217
"1600 E 57TH AV","Public",9,144.403081929947,1,6.23255395917804
"1600-1700 W 62ND AV","Public",9,292.984530108912,1,3.07183454247717
"1800 W 1ST AV","Public",9,171.949427687949,2,5.23409709530006
"1900 TEMPLETON DRIVE","Public",9,109.164553359201,2,8.24443440938733
"1900 W 42ND AV","Public",9,204.893017848988,1,4.39253620962002
"200 W 11TH AV","Public",9,108.215293022962,1,8.31675426696883
"200 W 14TH AV","Public",9,108.363622631812,1,8.30537017997206
"2000 TURNER ST","Public",9,140.358670951597,1,6.41214393024831
"2100 BALACLAVA ST","Public",9,93.7484426243829,2,9.60015947791244
"2100 CORNWALL AV","Public",9,171.916450237109,1,5.23510111312042
"2100-2200 WALL ST","Public",9,113.077916407923,1,7.95911375615817
"2200 FIR ST","Public",9,93.2475822503862,2,9.65172477698501
"2300-2500 MCBAIN AV","Public",9,248.725395638014,1,3.6184483602544
"2400 E 12TH AV","Public",9,134.63176458266,1,6.68490086860169
"2400 E 28TH AV","Public",9,174.421591134177,2,5.15991164939929
"2500 E 27TH AV","Public",9,159.822311473532,1,5.63125380744506
"2500 PRINCE ALBERT ST","Public",9,105.494228714018,2,8.5312723830589
"2700 E 38TH AV","Public",9,159.672633689261,3,5.63653256795081
"2700 E 46TH AV","Public",9,296.763179778853,2,3.03272124483461
"2900 W 33RD AV","Public",9,200.603630232099,1,4.48645918799524
"3100 WINDERMERE ST","Public",9,90.0732564835366,2,9.99186701065371
"3200 E 18TH AV","Public",9,198.450252803333,2,4.53514161502185
"3300 HEATHER ST","Public",9,100.290930503612,2,8.97389221019924
"3300 WINDERMERE ST","Public",9,82.1018004213376,2,10.9620007768563
"3400 CAROLINA ST","Public",9,100.642163263041,2,8.94257407452314
"3400 RUPERT ST","Public",9,93.3189578858656,1,9.64434259007426
"3800 FRASER ST","Public",9,100.45586038984,1,8.9591587440231
"3800 HEATHER ST","Public",9,100.429569569089,1,8.96150410543037
"3800 W 38TH AV","Public",9,200.471305241312,1,4.48942056279152
"3900-4100 W 4TH AV","Public",9,639.35804877139,1,1.40766195362594
"400 W 35TH AV","Public",9,116.340591276663,2,7.73590704777973
"4300 CYPRESS ST","Public",9,138.875283122442,1,6.48063485283049
"4600 BELLEVUE DRIVE","Public",9,286.078159075692,1,3.14599339882453
"4600 W 2ND AV","Public",9,222.961607911429,2,4.03656938264243
"500 HAWKS AV","Public",9,100.443881713315,2,8.96022719003197
"5100-5200 WILLOW ST","Public",9,208.192726888104,1,4.32291758435787
"5200 CROWN ST","Public",9,105.588413326388,2,8.52366250847976
"5200 MACDONALD ST","Public",9,105.6130700508,2,8.52167255025438
"5200 MAPLE ST","Public",9,99.4074762390831,2,9.05364499784127
"5300 CONNAUGHT DRIVE","Public",9,87.8240795395695,2,10.2477589827116
"5500 COLUMBIA ST","Public",9,101.813922643109,1,8.83965548753869
"5500-5600 FLEMING ST","Public",9,184.142087483264,1,4.88753012578831
"5700-5900 HIGHBURY ST","Public",9,333.84011560644,2,2.69590129504088
"5800 MANITOBA ST","Public",9,102.96675934798,2,8.7406849132584
"600 E 18TH AV","Public",9,88.2962446943528,1,10.1929589770828
"600 E 22ND AV","Public",9,143.082422582436,2,6.29008080626725
"6000 FREMLIN ST","Public",9,103.589255423876,1,8.68815975476698
"6100 COLUMBIA ST","Public",9,110.640771745045,2,8.13443349865557
"6100-6400 ASH ST","Public",9,345.515693950479,1,2.60480208499297
"6200 VIVIAN ST","Public",9,90.7246676218567,2,9.92012452171475
"6300 VIVIAN ST","Public",9,90.6638703183493,2,9.92677675064849
"6300 WILLOW ST","Public",9,93.4761176228586,2,9.62812772810233
"6400 NANAIMO ST","Public",9,132.547193622955,2,6.79003436738274
"6400 PRINCE EDWARD ST","Public",9,111.248956004494,2,8.08996355852224
"6400 SOPHIA ST","Public",9,110.7496164766,1,8.12643897679009
"6500 ALBERTA ST","Public",9,179.57199726902,2,5.01191730162524
"6900 DUMFRIES ST","Public",9,151.119660039621,1,5.95554542515537
"700 VERNON DRIVE","Public",9,82.6827694470588,2,10.8849764711409
"700 W 62ND AV","Public",9,281.952407392164,2,3.19202807425652
"7000 FLEMING ST","Public",9,113.959263235772,2,7.89755895611552
"7500 HEATHER ST","Public",9,105.702867161272,1,8.5144331858743
"7500 INVERNESS ST","Public",9,97.1747099478604,2,9.26166901329471
"7500 PRINCE EDWARD ST","Public",9,102.190484782432,1,8.80708220453339
"7600 PRINCE EDWARD ST","Public",9,88.854590630346,1,10.1289082940486
"800 COMMERCIAL DRIVE","Public",9,100.915675710062,2,8.91833695476373
"800-900 BROUGHTON ST","Public",9,109.901805352078,2,8.18912844167382
"8400-8500 ADERA ST","Public",9,171.979322406534,1,5.23318726580707
"8600 MONTCALM ST","Public",9,119.794496766309,1,7.51286598545245
"900 E 49TH AV","Public",9,100.266739768677,2,8.9760572855602
"900 W 8TH AV","Public",9,174.10114381402,2,5.16940888660334
"AVISON WAY","Non-city",9,216.989832479912,3,4.14765977610181
"0 W 11TH AV","Public",8,140.285529701191,2,5.7026551612558
"1000 BUTE ST","Public",8,109.660071086858,2,7.29527157944614
"1000 W 59TH AV","Public",8,148.527164598429,3,5.38622010433546
"1100 GARDEN DRIVE","Public",8,100.741857174873,2,7.941088465456
"1100 ODLUM DRIVE","Public",8,100.526909019458,2,7.95806822077017
"1100 W 37TH AV","Public",8,156.816460859941,1,5.10150526043634
"1100-1200 E 61ST AV","Public",8,221.01535589918,1,3.61965799500797
"1400 W 52ND AV","Public",8,173.996722829414,3,4.59778774560207
"1500 W 70TH AV","Public",8,104.972035999269,2,7.62107729343816
"1600 DAVIE ST","Public",8,160.741035272936,1,4.97694940586647
"1600 HARWOOD ST","Public",8,160.536926833786,1,4.98327715484608
"1600 W 40TH AV","Public",8,245.391596431002,2,3.26009534000053
"1600 W 66TH AV","Public",8,146.548905158934,1,5.4589285340098
"1700 NASSAU DRIVE","Public",8,203.241143313813,2,3.93621088208881
"1800 YEW ST","Public",8,98.114907216969,2,8.15370490266987
"1800-1900 NASSAU DRIVE","Public",8,257.935080894006,2,3.10155562100041
"2000 W 42ND AV","Public",8,214.860646119989,2,3.72334354590576
"2100 SCHOOL GREEN","Public",8,65.7941931288832,1,12.159127758173
"2100 SW MARINE DRIVE","Public",8,239.304893669064,1,3.34301563053835
"2100 W 20TH AV","Public",8,192.283385062234,2,4.16052588080386
"2200 W 40TH AV","Public",8,143.459584846071,2,5.57648344555285
"2300 BALACLAVA ST","Public",8,93.288160778879,2,8.57557908013902
"2300 MUSQUEAMVIEW ST","Public",8,93.320569433326,2,8.5726009266539
"2300 W 41ST AV","Public",8,102.318200343284,1,7.81874580784208
"2500 HEATHER ST","Public",8,107.50327295321,2,7.4416338965623
"2500 MAIN ST","Public",8,100.435144519238,1,7.96533926275942
"2800 E 46TH AV","Public",8,151.645291970948,1,5.27546875740305
"2800 ST. GEORGE ST","Public",8,100.60205418914,2,7.95212390490495
"2800 W 37TH AV","Public",8,159.347692098237,1,5.02046806869851
"2900 E 49TH AV","Public",8,224.970312117855,2,3.55602475930648
"300 W 37TH AV","Public",8,101.260792291523,2,7.90039246085347
"3000 WINDERMERE ST","Public",8,89.2111409767762,2,8.96748983636762
"3100 SLOCAN ST","Public",8,100.57450869743,2,7.95430184408589
"3200 WINDERMERE ST","Public",8,94.0754237269132,2,8.50381500616229
"3200-3300 VICTORIA DRIVE","Public",8,149.549516616004,2,5.34939876839688
"400 E 34TH AV","Public",8,145.566049918045,2,5.49578696715619
"4100 ST. GEORGE ST","Public",8,148.409535895932,4,5.39048919714282
"4100-4300 CROWN ST","Public",8,221.098027545841,2,3.61830455422825
"4300 ST. GEORGE ST","Public",8,113.480694832668,2,7.04965722301606
"4500 CAMBIE ST","Public",8,212.739671612675,1,3.76046458065669
"4500 QUEBEC ST","Public",8,133.103249703567,1,6.01037166095999
"4600 DUMFRIES ST","Public",8,71.1924314936758,1,11.2371495567063
"4600-4800 VALLEY DRIVE","Public",8,373.679042745805,1,2.14087467716031
"4700 COMMERCIAL ST","Public",8,153.540821282889,1,5.21034076355531
"4700-4800 MARGUERITE ST","Public",8,171.324718826606,1,4.6694954789896
"500-600 E 50TH AV","Public",8,153.262836763442,3,5.21979115677458
"5000 SPENCER ST","Public",8,87.8356716261666,1,9.10791692246452
"5100 GLADSTONE ST","Public",8,62.0152849484341,1,12.9000455398246
"5100 HIGHBURY ST","Public",8,105.274234683099,2,7.59920034002808
"5700 YEW ST","Public",8,107.992076534017,2,7.40795089487888
"5900 MANITOBA ST","Public",8,100.980557192328,2,7.92231714939259
"6100 FREMLIN ST","Public",8,103.597271677778,1,7.72221108764592
"6100 SHERBROOKE ST","Public",8,139.088943614063,1,5.75171526372216
"6600-6700 HEATHER ST","Public",8,180.147621170678,1,4.44080246411944
"700 E 13TH AV","Public",8,140.388042935479,2,5.69849100587343
"700 E 49TH AV","Public",8,102.45222781722,2,7.8085173650615
"7200 VICTORIA DRIVE","Public",8,101.299680173581,1,7.89735958325999
"7300 DUMFRIES ST","Public",8,96.2684686586613,2,8.31009375288347
"7300 PRINCE ALBERT ST","Public",8,96.8327938002934,2,8.26166393226151
"7600 PRINCE ALBERT ST","Public",8,92.7563701184347,1,8.62474457526239
"7600 VICTORIA DRIVE","Public",8,88.3196539566819,1,9.05800650433227
"800 W 16TH AV","Public",8,171.314340586066,2,4.66977835751054
"800 W 63RD AV","Public",8,238.85054269031,3,3.34937484750566
"8000-8100 VICTORIA DRIVE","Public",8,92.9316055956781,1,8.60848141891142
"8300 ST. GEORGE ST","Public",8,170.98743917283,1,4.67870624807345
"8600 HUDSON ST","Public",8,172.368620704911,2,4.64121599818084
"0 W 10TH AV","Public",7,140.373218756592,1,4.98670619795222
"0 W 48TH AV","Public",7,178.64623146323,2,3.91835861448933
"100 E 30TH AV","Public",7,93.5532661358885,2,7.48236837592856
"1000 CHESTNUT ST","Public",7,63.991057138,1,10.9390285347281
"1000 E 35TH AV","Public",7,80.6425936596344,2,8.6802763680254
"1000-1200 W 57TH AV","Public",7,393.796302297277,3,1.77756874789436
"1100 CHESTNUT ST","Public",7,98.1221930612666,2,7.13396203408261
"1100 COMOX ST","Public",7,221.032579554193,1,3.16695394593797
"1200 MCLEAN DRIVE","Public",7,100.643972876136,2,6.95521033198381
"1300 W 53RD AV","Public",7,173.542167353514,2,4.0336018079921
"1300 W 62ND AV","Public",7,150.704238191511,3,4.64485941736064
"1300 W 64TH AV","Public",7,154.080091224962,3,4.54309180657206
"1300-1400 W 32ND AV","Public",7,198.105893576755,1,3.53346378223114
"1400 GRAVELEY ST","Public",7,140.558066694621,1,4.98014817976142
"1400 MCLEAN DRIVE","Public",7,77.5652491559634,1,9.02465998133369
"1500 E 55TH AV","Public",7,49.4725983273257,1,14.1492467278267
"1600 LAURIER AV","Public",7,201.627344576201,1,3.4717513215845
"1700 LAKEWOOD DRIVE","Public",7,100.590524940244,2,6.95890592494506
"1700 W 57TH AV","Public",7,214.811617533569,2,3.25866919134674
"1900 E 15TH AV","Public",7,50.2098051730809,1,13.9415000234913
"200 W 47TH AV","Public",7,160.192645197483,1,4.36973869266625
"200 W 48TH AV","Public",7,160.150031932924,1,4.37090140758249
"200 W 49TH AV","Public",7,160.382186939797,1,4.36457447897727
"2000 YEW ST","Public",7,95.3411361125942,2,7.34205641490707
"2100 W 53RD AV","Public",7,128.137342036831,2,5.46288840452765
"2200 WALL ST","Public",7,112.889767385878,1,6.20073914766136
"2200 YEW ST","Public",7,93.2510348130789,1,7.50661911048114
"2300 BROCK ST","Public",7,83.9840757279278,2,8.33491342177412
"2300 MAIN ST","Public",7,83.4310906518753,1,8.39015760828084
"2300 W 1ST AV","Public",7,172.00523532577,1,4.06964357029152
"2300 W 2ND AV","Public",7,172.006876302636,1,4.06960474515212
"2400 W 1ST AV","Public",7,171.995847804305,1,4.06986569115583
"2400 W 20TH AV","Public",7,170.923566648113,1,4.09539780691049
"2500 GLEN DRIVE","Public",7,105.596961097765,2,6.62897864411
"2700 SOPHIA ST","Public",7,101.109592218634,2,6.9231809231943
"2700 W 37TH AV","Public",7,169.427408534867,1,4.13156292747017
"2800 E 3RD AV","Public",7,197.691942656286,2,3.54086256928056
"2900 ROSEMONT DRIVE","Public",7,187.670439508801,1,3.72994277538938
"2900 ST. CATHERINES ST","Public",7,100.58882236378,2,6.95902371208249
"2900 W 23RD AV","Public",7,157.134635179324,1,4.45477853562425
"300 E 50TH AV","Public",7,149.35290647229,1,4.68688568929774
"300 W 63RD AV","Public",7,140.83804795576,2,4.970247814141
"300-400 W 49TH AV","Public",7,257.226575006189,2,2.7213362382295
"3000 RUPERT ST","Public",7,91.1103957582418,2,7.68298715173431
"3000-3100 PENTICTON ST","Public",7,199.272382071744,2,3.51277980783097
"3000-3100 W 20TH AV","Public",7,184.361411560403,1,3.79689000032774
"3100 ST. CATHERINES ST","Public",7,70.5812961134774,1,9.91764162101206
"3200 GLEN DRIVE","Public",7,100.332591338056,2,6.97679578155667
"3200 ST. CATHERINES ST","Public",7,100.340397375846,2,6.97625301779501
"3300 MAPLE ST","Public",7,102.365281924582,2,6.83825596764072
"3400 INVERNESS ST","Public",7,100.600397983574,2,6.95822296959793
"3600-3700 W 19TH AV","Public",7,210.751735452655,2,3.32144358620123
"3700 W 41ST AV","Public",7,110.962654900463,1,6.30842872881802
"3800 W 19TH AV","Public",7,200.552816688728,1,3.49035237478839
"3900 W 41ST AV","Public",7,202.184668835185,3,3.46218140095786
"400 W 37TH AV","Public",7,138.780047378771,2,5.04395273831763
"4000 CAROLINA ST","Public",7,62.9841654219889,1,11.113904507745
"4000 HEATHER ST","Public",7,111.591258461907,2,6.27289278432999
"4000 W 18TH AV","Public",7,219.042089537175,1,3.19573284513066
"4100 WILLOW ST","Public",7,117.227513932539,2,5.97129442157092
"4100-4200 MARGUERITE ST","Public",7,153.671604901501,1,4.55516814865491
"4500 MANOR ST","Public",7,145.220488294975,3,4.82025648184123
"4500 W 13TH AV","Public",7,220.566573694454,1,3.17364498289616
"4500-4600 COMMERCIAL ST","Public",7,114.909653335287,1,6.09174233567235
"4600 PRINCE EDWARD ST","Public",7,90.854975980327,2,7.70458626450545
"4600 ST. GEORGE ST","Public",7,93.6916437491859,2,7.4713173127148
"4700 OSLER ST","Public",7,128.289098602609,1,5.4564262094345
"500 LAKEWOOD DRIVE","Public",7,125.62472392782,3,5.57215154878427
"5000 PRINCE EDWARD ST","Public",7,80.4489780223718,2,8.70116709009454
"5000-5100 WALES ST","Public",7,167.599378625074,1,4.17662646331123
"5100 PINE CRESCENT","Public",7,99.3542705876342,2,7.04549483237938
"5300-5400 ASH ST","Public",7,206.067969054129,1,3.39693744356809
"5400 CROWN ST","Public",7,127.794042850372,2,5.4775636202354
"5400 WILLOW ST","Public",7,104.56565171045,1,6.69435888888595
"5500-5600 MANSON ST","Public",7,206.036397728381,2,3.39745796236845
"5700-5800 CREE ST","Public",7,211.415658178652,1,3.31101303484571
"5700-5800 FLEMING ST","Public",7,183.624079544908,1,3.81213619550809
"5700-5800 VINE ST","Public",7,206.470223597836,2,3.39031937778818
"5900 DUNBAR ST","Public",7,71.3994966374635,1,9.80399068573696
"6200-6300 CAMBIE ST","Public",7,201.10451146522,1,3.48077720832763
"6900 LANARK ST","Public",7,150.889932275733,1,4.63914317835887
"6900 YEW ST","Public",7,114.89685517226,1,6.09242088437077
"700 BROUGHTON ST","Public",7,109.803608997198,2,6.37501814733485
"700 W 23RD AV","Public",7,141.552253848006,2,4.94517028850445
"700 W 24TH AV","Public",7,141.63098788068,2,4.94242122062815
"7000-7200 WILTSHIRE ST","Public",7,262.145359259849,2,2.67027424012543
"7300 VICTORIA DRIVE","Public",7,100.610970730906,2,6.9574917617306
"7900 VICTORIA DRIVE","Public",7,86.3298282542514,1,8.10843730556742
"800 E 49TH AV","Public",7,98.1065101986476,2,7.13510243695988
"8300-8500 HUDSON ST","Public",7,203.877749014876,1,3.43343009907827
"8800 HUDSON ST","Public",7,156.288417432989,1,4.47889876612344
"0 E 14TH AV","Public",6,140.593079887527,2,4.26763536640634
"0 W 49TH AV","Public",6,133.406584921696,1,4.49752911636388
"100 E 51ST AV","Public",6,107.469115184162,1,5.58299934796915
"100 W 40TH AV","Public",6,190.464137849774,2,3.15019933292242
"100 W 47TH AV","Public",6,178.070294664515,1,3.36945587207794
"100-200 MIDLOTHIAN AV","Public",6,264.426574158816,1,2.26906089869635
"1000 W 33RD AV","Lane",6,166.312491062191,1,3.60766648474788
"1100 E 59TH AV","Public",6,110.070474131669,1,5.45105310696006
"1200 BROUGHTON ST","Public",6,109.844004155404,2,5.4622917710751
"1200 E 8TH AV","Public",6,140.130836840719,2,4.28171281587362
"1200 W 11TH AV","Public",6,171.94006354285,1,3.4895881020218
"1300 MCLEAN DRIVE","Public",6,100.39706297186,2,5.97627044297276
"1300 NANAIMO ST","Public",6,94.3378980012178,2,6.36011627047547
"1300 NAPIER ST","Public",6,100.279762135422,2,5.98326110097603
"1300 W 11TH AV","Public",6,172.003789028976,1,3.4882952485362
"1300 W 47TH AV","Public",6,171.996883969522,1,3.48843529110865
"1500 W 15TH AV","Public",6,126.994443569425,1,4.72461615749348
"1500 YEW ST","Public",6,98.1774193874119,2,6.11138491665153
"1600 E 59TH AV","Public",6,147.010571053649,1,4.08133915608723
"1600 E 62ND AV","Public",6,144.365057356353,2,4.15613037522614
"1700 BLANCA ST","Public",6,63.9218798760668,1,9.3864573626948
"1700 E 49TH AV","Public",6,200.364866029671,2,2.99453697591448
"1700-1800 E 10TH AV","Public",6,280.741573325705,1,2.13719682800205
"1800 ROBSON ST","Public",6,160.718350986027,1,3.73323890096512
"1800-1900 SW MARINE DRIVE","Public",6,425.000889657904,1,1.41176175062353
"200 E 18TH AV","Public",6,54.112754211613,1,11.0879589986058
"200 E 51ST AV","Public",6,150.407859399275,2,3.98915324236635
"200 E 7TH AV","Public",6,145.39011118006,2,4.12682812558635
"200 JACKSON AV","Public",6,100.241171072923,2,5.98556454975486
"2000-2100 E 53RD AV","Public",6,185.632036858589,2,3.23220070281871
"2100 ALMA ST","Public",6,95.3233174092883,2,6.2943675934377
"2100 WALL ST","Public",6,114.092726431924,1,5.2588803753235
"2200 GRAVELEY ST","Public",6,140.243360024167,1,4.27827741646097
"2200 VICTORIA DRIVE","Public",6,100.417038344859,2,5.97508161851418
"2300-2500 W KING EDWARD AV","Public",6,265.464595509773,1,2.26018840232844
"2400 E 49TH AV","Public",6,106.769903813185,1,5.61956111761438
"2400 HEMLOCK ST","Public",6,101.16112063772,2,5.93113239768004
"2400 W 12TH AV","Public",6,171.952454970519,1,3.489336631471
"2400 W 3RD AV","Public",6,171.945454318033,1,3.48947869764694
"2500 E 49TH AV","Public",6,105.742869341188,1,5.67414146919026
"2600 MARINE CRESCENT","Public",6,239.860363103068,1,2.50145539778984
"2600 YUKON ST","Public",6,102.394590040401,2,5.85968457672679
"2700 E 2ND AV","Public",6,182.969292352692,1,3.27923878528993
"2700 E 3RD AV","Public",6,183.152740893139,1,3.27595425039296
"2700 W 36TH AV","Public",6,170.330137366564,1,3.52257098641771
"2700 W KING EDWARD AV","Public",6,180.612012153961,1,3.32203817921333
"2700-2800 E 49TH AV","Public",6,111.856734833808,1,5.36400424070536
"2800 E 49TH AV","Public",6,112.999057854459,1,5.30977878393278
"2800 W 31ST AV","Public",6,165.330245199259,1,3.62910004323087
"2900 WINDERMERE ST","Public",6,98.6773952773629,2,6.08041992103173
"300 E 51ST AV","Public",6,149.840192451817,1,4.00426607962971
"3000 MAPLE ST","Public",6,102.360816126936,2,5.86161797748811
"3100 GLEN DRIVE","Public",6,59.7839784058182,1,10.0361336933309
"3100 WELLINGTON AV","Public",6,87.0406350045866,1,6.89333206229921
"3200 PENTICTON ST","Public",6,54.0064070989454,1,11.1097929343964
"3200 SOPHIA ST","Public",6,100.501935011797,2,5.9700343075939
"3300 GRANT ST","Public",6,54.757141362985,1,10.957474862002
"3300 VICTORIA DRIVE","Public",6,81.7545589680831,1,7.33904026360462
"3400 DUNBAR ST","Public",6,100.575322719181,1,5.96567809854589
"3400 SLOCAN ST","Public",6,93.4744034703257,1,6.41886952710509
"3600 FRASER ST","Public",6,100.602813099812,1,5.96404793775218
"3700 ST. CATHERINES ST","Public",6,100.245844492159,2,5.98528550524537
"3800 W 41ST AV","Public",6,139.492642930646,3,4.30130211453741
"3900 FRASER ST","Public",6,100.773867994389,1,5.95392448400816
"3900 W 20TH AV","Public",6,200.632466637073,1,2.99054290692317
"3900 W 38TH AV","Public",6,201.787626005593,1,2.97342315719284
"400 ALEXANDER ST","Public",6,141.692551016379,1,4.23452041547788
"400 HAWKS AV","Public",6,50.4483862967983,1,11.893343752763
"4600 ELM ST","Public",6,114.003277669221,2,5.26300657548543
"4600 W 7TH AV","Public",6,223.052201218153,1,2.68995327875369
"4700-4800 CLARENDON ST","Public",6,122.837583023216,3,4.88449858124123
"500 VERNON DRIVE","Public",6,84.0775641124154,2,7.13626763969724
"5000-5100 CHAMBERS ST","Public",6,167.652640189546,1,3.57882822078822
"5200 DUMFRIES ST","Public",6,93.3996504250904,1,6.42400691297254
"5300 CAMBIE ST","Public",6,103.593591250938,1,5.79186407918421
"5300-5400 CYPRESS ST","Public",6,206.744791723992,2,2.90212873077359
"5500 BLENHEIM ST","Public",6,134.544075953766,3,4.45950515284062
"5600 ALBERTA ST","Public",6,104.460909927194,2,5.74377535499337
"5600 CROWN ST","Public",6,96.1118048344732,2,6.24272950688356
"5600 ST. CATHERINES ST","Public",6,105.765896632562,2,5.67290609830917
"5700-5800 LARCH ST","Public",6,153.863985141618,1,3.89954802904497
"5900-6000 BALSAM ST","Public",6,206.771950278623,3,2.90174754937266
"5900-6000 FLEMING ST","Public",6,181.071505669512,1,3.3136080565603
"6000 KILLARNEY ST","Public",6,101.53046463518,2,5.90955633026918
"6100 YEW ST","Public",6,108.195869996812,2,5.5454981786059
"6100-6300 CARNARVON ST","Public",6,323.15596137599,1,1.85668863246469
"6200 FREMLIN ST","Public",6,100.910894208762,1,5.94583969059611
"6300-6400 LARCH ST","Public",6,205.967445652705,2,2.91308171589262
"6500-6600 KILLARNEY ST","Public",6,171.915416659461,2,3.49008839148213
"6800-6900 CYPRESS ST","Public",6,263.81280456935,1,2.27433994714337
"6800-6900 RUPERT ST","Public",6,171.780092563119,2,3.49283779655396
"700 SLOCAN ST","Public",6,90.5400367328345,2,6.6269025466654
"700 W 16TH AV","Public",6,141.592239621515,2,4.23752037261251
"700 W 20TH AV","Public",6,141.644217740163,1,4.2359653614711
"7000-7100 MONT ROYAL SQUARE","Public",6,154.290159456576,1,3.88877684820117
"7100 FLEMING ST","Public",6,59.514935223732,1,10.081503033557
"7400-7500 VIVIAN DRIVE","Public",6,204.316295549765,1,2.93662332896917
"7500-7600 MONTCALM ST","Public",6,100.326872164002,2,5.98045156854082
"7700 HEATHER ST","Public",6,100.504286588915,2,5.96989462204867
"800 BROUGHTON ST","Public",6,109.857996427425,2,5.46159605592641
"800 W 33RD AV","Public",6,100.339370455932,1,5.97970664230461
"800-900 SE MARINE DRIVE","Public",6,177.507858187483,1,3.38013204669667
"8000-8100 LAUREL ST","Public",6,170.851606228422,2,3.51181948619098
"8000-8200 LABURNUM ST","Public",6,205.900456619607,1,2.91402947740167
"8300 ADERA ST","Public",6,94.90977328898,2,6.32179362786094
"900 TEMPLETON DRIVE","Public",6,100.587032744481,2,5.96498359310552
"900 W 16TH AV","Public",6,162.737619549036,1,3.6869164097562
"0 E 53RD AV","Public",5,156.711267782285,3,3.19058104165578
"0 W 47TH AV","Public",5,178.64290727491,2,2.79887966237898
"1000 CHILCO ST","Public",5,54.9737020328274,1,9.09525794172323
"1000 E GEORGIA ST","Public",5,42.2101832107327,1,11.8454828187731
"1000 W 7TH AV","Public",5,174.018270139901,1,2.87326152362064
"1100 BEACH AV","Public",5,225.671654329311,1,2.21560834250976
"1100 CARDERO ST","Public",5,109.896592659445,2,4.54973159676965
"1100 E 22ND AV","Public",5,96.6412115613485,3,5.17377619673773
"1100 W 59TH AV","Public",5,100.112542184617,1,4.99437921652168
"1200 BEACH AV","Public",5,154.322778158834,1,3.23996240843581
"1200 W 33RD AV","Lane",5,165.69804139307,1,3.01753717663987
"1300 BEACH AV","Public",5,141.899314806472,1,3.52362518932471
"1400 E 49TH AV","Public",5,100.211762397681,1,4.98943425439216
"1400 NANAIMO ST","Public",5,74.700043611951,2,6.69343652056459
"1400 NAPIER ST","Public",5,103.281881341099,1,4.84112018010885
"1400 PARKER ST","Public",5,102.481402623696,2,4.87893400362566
"1400 W 5TH AV","Public",5,178.595048832982,1,2.79962968328192
"1400 WILLIAM ST","Public",5,104.453490597773,1,4.78681944603833
"1500 ANGUS DRIVE","Public",5,189.217758389168,1,2.64245810888236
"1500 COMOX ST","Public",5,120.634890039388,1,4.14473789329728
"1500 E 59TH AV","Public",5,108.696410640339,1,4.59996790192483
"1500 GRANVILLE ST","Public",5,95.284983869777,1,5.24741653609696
"1500 NANAIMO ST","Public",5,84.0370826005559,2,5.9497543766077
"1500-1700 DISCOVERY ST","Public",5,488.968790701755,1,1.02256015007096
"1600 ANGUS DRIVE","Public",5,330.497923368075,2,1.51286880989915
"1600 E 20TH AV","Public",5,130.433232315211,3,3.83337889527784
"1600 TEMPLETON DRIVE","Public",5,100.531839551775,2,4.97354870088193
"1600 W 57TH AV","Public",5,108.175543490249,1,4.62211682851466
"1700-1800 E 4TH AV","Public",5,210.215331642304,2,2.37851347993392
"1800 NANAIMO ST","Public",5,100.57240150843,2,4.97154281394074
"1800 W 35TH AV","Public",5,129.569420892929,1,3.85893520673508
"1800 W 39TH AV","Public",5,110.72507704299,2,4.51568888776542
"1900 W 49TH AV","Public",5,151.960862423032,3,3.29032088938854
"1900 YEW ST","Public",5,98.1296035778467,2,5.09530235290666
"1900 YORK AV","Public",5,174.157702635793,1,2.87096116010226
"200 E 28TH AV","Public",5,150.017004916439,3,3.33295548913609
"200 E 50TH AV","Public",5,101.16694781679,1,4.94232563885867
"200 E 6TH AV","Public",5,87.197732196229,1,5.73409408027728
"200 N RENFREW ST","Public",5,109.663041438216,2,4.55942123656766
"200-300 W 42ND AV","Public",5,195.852125991391,1,2.55294650220942
"2000 E 19TH AV","Public",5,130.395418857508,1,3.83449053947503
"2000 LARCH ST","Public",5,95.3133842855824,2,5.24585296962992
"2000 NANAIMO ST","Public",5,88.3256359623513,2,5.6608706470353
"2100 LARCH ST","Public",5,95.3685217034005,1,5.24282007385013
"2100-2200 E 19TH AV","Public",5,130.281755562263,1,3.83783591065476
"2200-2300 HARRISON DRIVE","Public",5,165.394346473868,1,3.02307793863437
"2300 KEITH DRIVE","Public",5,100.55247868575,2,4.97252784352156
"2300 W 20TH AV","Public",5,171.956275638134,1,2.90771591873857
"2300 WILLIAM ST","Public",5,46.3642767874339,1,10.7841647631505
"2300 WILLOW ST","Public",5,93.2540226438547,2,5.36169900047684
"2400 E 27TH AV","Public",5,174.383659816672,2,2.86724111952717
"2400 HIGHBURY ST","Public",5,96.6026910794254,2,5.17583924850403
"2400 YORK AV","Public",5,172.256701519725,1,2.90264469009785
"2600 E 17TH AV","Public",5,190.294825257627,2,2.62750182157126
"2600 KEITH DRIVE","Public",5,50.2284580206657,1,9.95451621856045
"2600 NAPIER ST","Public",5,190.297190686587,1,2.62746916124203
"2600-2700 E 57TH AV","Public",5,273.119592997854,2,1.83069985756726
"2700 E 55TH AV","Public",5,90.4259216646149,2,5.52938793208516
"2700 ST. CATHERINES ST","Public",5,100.642506937167,2,4.96807974300719
"2700 W 33RD AV","Public",5,165.82138250245,1,3.01529267489138
"2700 W 35TH AV","Public",5,171.228650506313,1,2.92007207042473
"2700 W 43RD AV","Public",5,118.8419165236,2,4.20726974645101
"2800 E 19TH AV","Public",5,142.788942249448,1,3.50167171297142
"2900 SOPHIA ST","Public",5,100.437849390464,2,4.97820296864574
"300 E 40TH AV","Public",5,171.655264519887,1,2.91281482917801
"300 N RENFREW ST","Public",5,111.814229948848,2,4.47170275401205
"300 RENFREW ST","Public",5,104.741072190978,1,4.77367654866404
"3000 COURTENAY ST","Public",5,100.611701710848,2,4.96960086647746
"3000 E 3RD AV","Public",5,183.628189306131,1,2.7228934832355
"3000 NOOTKA ST","Public",5,88.0470472892615,2,5.6787821442478
"3000 ROSEMONT DRIVE","Public",5,282.2997138951,2,1.77116722189026
"3100 E 23RD AV","Public",5,43.7953982966852,1,11.4167245748703
"3100 KINGS AV","Public",5,180.68194989359,4,2.76729358020802
"3100 MAIN ST","Public",5,100.78599221848,1,4.96100687202763
"3100 PRINCE ALBERT ST","Public",5,75.9880527509059,2,6.579981745802
"3200 E 7TH AV","Public",5,110.032314082659,2,4.54411964492891
"3300 E 47TH AV","Public",5,52.3646306780459,1,9.54842979938416
"3300-3400 W 37TH AV","Public",5,239.57870018768,1,2.08699688080916
"3400 HIGHBURY ST","Public",5,100.469564688797,2,4.97663149580415
"3400 NOOTKA ST","Public",5,46.5626432783131,1,10.7382219907794
"3500 W 43RD AV","Public",5,242.351250276818,2,2.06312119054013
"3500-3600 E 11TH AV","Public",5,348.268512697851,1,1.43567386016831
"3600 ALEXANDRA ST","Public",5,157.851891076972,1,3.16752619552837
"3600 HEATHER ST","Public",5,100.555858359058,2,4.97236071731033
"3600-3700 W 31ST AV","Public",5,163.206832359702,1,3.06359723285369
"3700 HEATHER ST","Public",5,100.608687983045,1,4.96974973060239
"3700 W 27TH AV","Public",5,99.3572155839572,1,5.03234714319765
"3800 W 11TH AV","Public",5,220.859922437057,1,2.26387836454346
"3900 BLENHEIM ST","Public",5,100.844458632731,1,4.95813063780695
"4100-4200 QUESNEL DRIVE","Public",5,136.727370232338,1,3.65691228574322
"4200 W 11TH AV","Public",5,220.622987613238,1,2.26630962353081
"4200 W 4TH AV","Public",5,261.211142251341,1,1.91416030606724
"4400 BRAKENRIDGE ST","Public",5,190.8759824996,2,2.61950190617119
"4400 W 9TH AV","Public",5,220.579828544527,1,2.2667530539814
"4500 CROWN ST","Public",5,105.640680262774,2,4.73302518268799
"4500 MAGNOLIA ST","Public",5,84.1044146327213,2,5.94499114206393
"4500 PRINCE EDWARD ST","Public",5,130.940705112752,3,3.81852228128338
"4500 SLOCAN ST","Lane",5,102.321862665811,2,4.88654122367794
"4600 OSLER ST","Public",5,97.5728108164032,1,5.12437835721285
"4700-4800 DRUMMOND DRIVE","Public",5,441.22599880124,1,1.13320611513928
"4800 GLADSTONE ST","Public",5,141.400396512198,3,3.53605797673183
"4800 OSLER ST","Public",5,106.418536397754,1,4.6984295868455
"4900-5200 OAK ST","Public",5,366.841460259659,1,1.3629866145612
"500 MALKIN AV","Public",5,103.57488666565,1,4.82742502643568
"500 NANAIMO ST","Public",5,65.4009865971135,1,7.64514460737612
"500-600 E 27TH AV","Public",5,235.015149346215,1,2.12752242309035
"500-600 E 58TH AV","Public",5,157.955976938042,1,3.16543893869951
"5100 CYPRESS ST","Public",5,99.4662915477693,2,5.02682860916627
"5100 MAPLE ST","Public",5,99.2552599038879,2,5.03751640451263
"5100 PRINCE EDWARD ST","Public",5,90.8037101619164,2,5.50638293422621
"5200 BALACLAVA ST","Public",5,52.7956701083159,1,9.47047360085017
"5200 PINE CRESCENT","Public",5,99.5087064303073,2,5.02468595901389
"5400 ALBERTA ST","Public",5,102.163271637194,2,4.89412674425324
"5400 BLENHEIM ST","Public",5,92.8859176757226,2,5.38294730257786
"5400 WINDSOR ST","Public",5,100.593130888975,2,4.97051832049894
"5500 CROWN ST","Public",5,92.437781051848,2,5.40904372985275
"5500-5600 ASH ST","Public",5,151.175221313122,1,3.30742032759704
"5500-5600 HEATHER ST","Public",5,151.111427308132,1,3.30881660577825
"5500-5600 TRAFALGAR ST","Public",5,157.993172835034,1,3.16469370813931
"5600 ROSS ST","Public",5,100.720719543889,2,4.96422188268943
"5700-5800 SELKIRK ST","Public",5,206.433092632574,1,2.42209227999089
"5700-5800 WALLACE ST","Public",5,178.848759209042,1,2.79565819864364
"5900-6000 VINE ST","Public",5,206.875240421956,3,2.41691562015912
"600 W 16TH AV","Public",5,131.510773074629,2,3.80196989425544
"600 W 30TH AV","Public",5,139.087327529053,1,3.59486380882225
"6000 CARNARVON ST","Public",5,98.9831454814258,2,5.05136503359378
"6000 YEW ST","Public",5,108.779132130721,2,4.59646983944626
"6100-6200 VINE ST","Public",5,157.22926364236,2,3.18006959020885
"6200 ALBERTA ST","Public",5,100.756504332776,2,4.96245878428465
"6200-6400 BRUCE ST","Public",5,222.84575809364,2,2.24370436429801
"6300 ALBERTA ST","Public",5,100.384291787979,2,4.9808589680151
"6300 PRINCE EDWARD ST","Public",5,95.3316261411934,2,5.24484916746791
"6300-6400 VINE ST","Public",5,184.584853672073,3,2.70878130059513
"6500 GLADSTONE ST","Public",5,122.568705248322,1,4.07934471517023
"6500 HEATHER ST","Public",5,101.484278908915,2,4.92687148566885
"6500-6600 FLEMING ST","Public",5,163.788629730856,1,3.05271495842916
"6500-6600 RUPERT ST","Public",5,172.783720743546,2,2.89379113870411
"6600 GLADSTONE ST","Public",5,100.926533657501,1,4.95409860896216
"6600 SELKIRK ST","Public",5,98.4366968686744,2,5.07940652119866
"700 E 58TH AV","Public",5,180.54309219598,2,2.76942193643858
"700 W 59TH AV","Public",5,281.931227758498,2,1.77348215015153
"7000 DUMFRIES ST","Public",5,94.2117578723273,2,5.3071931921447
"7100 OAK ST","Public",5,114.910132780881,1,4.35122637055373
"7300 ADERA ST","Public",5,96.671510219584,2,5.17215463857219
"7300 HUDSON ST","Public",5,113.58993667393,2,4.4017983867294
"7300 ROSS ST","Public",5,96.9116636273591,2,5.15933770286495
"7400 ROSS ST","Public",5,96.9309312452735,2,5.15831214635504
"7400 RUPERT ST","Public",5,90.4594456146496,2,5.52733876050891
"7400 VICTORIA DRIVE","Public",5,109.631218871204,2,4.56074469615633
"7500 CAMBIE ST","Public",5,113.745608549484,1,4.3957740995555
"7600 CAMBIE ST","Public",5,100.210891385229,1,4.98947762152828
"7800 PRINCE EDWARD ST","Public",5,95.31388164649,2,5.2458255960496
"7800-7900 FRENCH ST","Public",5,210.907433881391,2,2.37070828087163
"800 BIDWELL ST","Public",5,109.80727265804,2,4.55343246304906
"800 GILFORD ST","Public",5,54.8825784840643,1,9.11035913054231
"800 NANAIMO ST","Public",5,92.2723782839799,1,5.41873970627686
"800 W 22ND AV","Public",5,123.309658383878,1,4.05483241583104
"800-900 E 58TH AV","Public",5,171.450688401595,1,2.91629041948687
"8000 BORDEN ST","Public",5,103.574861763525,2,4.82742618707584
"8200 VICTORIA DRIVE","Public",5,103.378589088215,1,4.83659144906051
"8300 HEATHER ST","Public",5,40.2151423748198,1,12.4331276845875
"8400-8500 FRASER ST","Public",5,236.492289216383,1,2.11423383678491
"8700 HUDSON ST","Public",5,142.030931888274,2,3.5203599198611
"900 BIDWELL ST","Public",5,109.819483749841,2,4.55292615597205
"BURRARD BRIDGE","Public",5,1065.64590470358,1,0.469199006717975
"0 E 51ST AV","Public",4,157.114964788241,1,2.54590643570534
"0 GORE AV","Public",4,80.0357506298369,2,4.99776658371068
"0 N SLOCAN ST","Public",4,100.571102064599,2,3.97728563959727
"100 E 29TH AV","Public",4,46.679396955484,1,8.56909099278771
"100 N SLOCAN ST","Public",4,114.980402594467,2,3.47885370875582
"1000 BROUGHTON ST","Public",4,54.8883322944375,1,7.28752329100253
"1000 E 57TH AV","Public",4,171.047102789356,1,2.33853712501988
"1000 E PENDER ST","Public",4,97.9208850285536,1,4.08493039950936
"1100 E 16TH AV","Public",4,140.415235460374,1,2.84869372392914
"1100 W 38TH AV","Public",4,156.818764963994,1,2.5507151525638
"1100 W 45TH AV","Public",4,109.263750919841,1,3.66086645051615
"1100 W 54TH AV","Public",4,100.761152207186,1,3.96978390220783
"1200 E 10TH AV","Public",4,47.1279466266876,1,8.48753295297378
"1200 W 59TH AV","Public",4,99.8948854971012,1,4.00420900438999
"1400 E 17TH AV","Public",4,63.3957457190582,1,6.30957165126856
"1500 HARO ST","Public",4,120.848889371974,1,3.30991870987574
"1500 HORNBY ST","Public",4,85.7514132333112,1,4.66464615471334
"1500 W 13TH AV","Public",4,51.7644960184537,1,7.72730405522354
"1500-1600 BURRARD ST","Public",4,198.992258933225,1,2.01012844491718
"1600 MARPOLE AV","Public",4,130.57996128786,1,3.06325714952703
"1700 COMOX ST","Public",4,160.650594132246,1,2.48987563451352
"1700 VINE ST","Public",4,48.9744156699119,1,8.1675298118104
"1800 MATTHEWS AV","Public",4,241.818347227258,2,1.65413420688085
"1800 PENDRELL ST","Public",4,160.69791125811,1,2.48914249642939
"1800 W 33RD AV","Public",4,92.5429388950343,2,4.32231788590262
"1900 PENDRELL ST","Public",4,140.563558919824,1,2.84568776625921
"200 E 38TH AV","Public",4,116.245047687927,1,3.44100680378096
"200 N SLOCAN ST","Public",4,110.796425743201,2,3.61022476417337
"2000 COMOX ST","Public",4,137.857211169785,1,2.90155296633239
"2100 E 19TH AV","Public",4,110.404235014686,1,3.6230494233015
"2100 W 18TH AV","Public",4,141.354895229632,1,2.82975696986085
"2100 W 45TH AV","Public",4,166.399516715604,1,2.40385313548504
"2100 W 51ST AV","Public",4,86.9466818082933,1,4.60052059125098
"2100-2200 SKEENA ST","Public",4,246.603924039361,1,1.6220342054904
"2200 HEATHER ST","Public",4,46.5899248058784,1,8.58554723294016
"2200 LARCH ST","Public",4,93.260593011025,1,4.28905700774081
"2200 LAUREL ST","Public",4,93.2248003432942,1,4.29070374543068
"2200 ST. CATHERINES ST","Public",4,50.3661580196712,1,7.94184062726751
"2200-2300 BONACCORD DRIVE","Public",4,260.118969141765,1,1.53775790100875
"2200-2300 W KING EDWARD AV","Public",4,276.665171317766,3,1.44579094685025
"2300 E 49TH AV","Public",4,108.008422809511,2,3.70341487816612
"2300 WOODLAND DRIVE","Public",4,100.327149669788,2,3.98695668437249
"2300-2400 W 33RD AV","Public",4,188.140449131203,2,2.12607125074445
"2400 E 18TH AV","Public",4,91.4739983452389,1,4.37282733056371
"2500 NAPIER ST","Public",4,192.430116119942,1,2.07867670646044
"2500 W 33RD AV","Public",4,116.230083002903,1,3.44144983523765
"2500 W 45TH AV","Public",4,102.648317989403,1,3.89680033569859
"2500-2600 E 45TH AV","Public",4,241.937220044799,1,1.65332146879233
"2500-2600 W 20TH AV","Public",4,174.882812325859,2,2.28724592588711
"2600 E 3RD AV","Public",4,190.554104699482,1,2.09914134691998
"2600 E 56TH AV","Public",4,154.467568406761,1,2.58954034251822
"2600 W 33RD AV","Public",4,111.197144267853,1,3.59721468238856
"2700 W 23RD AV","Public",4,185.3612355503,1,2.15794849884594
"2700-2800 SKEENA ST","Public",4,165.563714037265,1,2.41598832404768
"2800 E 1ST AV","Public",4,197.964327339514,2,2.0205660553883
"2800 E 43RD AV","Public",4,208.869915558485,1,1.91506756217363
"2800 E 51ST AV","Public",4,59.7000387929506,1,6.70016315043386
"2800 HORLEY ST","Public",4,89.6908101993775,2,4.45976571190318
"2800 W 20TH AV","Public",4,170.048737422423,1,2.35226680340678
"2900 ARBUTUS ST","Public",4,51.2547365471751,1,7.80415678523366
"2900 E 43RD AV","Public",4,204.914757824736,1,1.95203119700203
"2900 EUCLID AV","Public",4,123.324752633831,3,3.24346890188101
"300 KAMLOOPS ST","Public",4,103.622759442472,2,3.86015583981883
"3000 E 18TH AV","Public",4,184.372584144681,1,2.16951995252239
"3000-3100 W 35TH AV","Public",4,200.313565958642,1,1.99686924889844
"3000-3100 W 42ND AV","Public",4,194.927527590423,1,2.05204470063597
"3100 E 18TH AV","Public",4,182.863650863266,1,2.18742214820535
"3100 SASAMAT ST","Public",4,60.3788496211657,1,6.62483638740578
"3200 E 3RD AV","Public",4,198.290756614506,1,2.01723976865766
"3200 E 50TH AV","Public",4,160.512030717984,2,2.49202504143002
"3200 W 26TH AV","Public",4,164.106868420006,1,2.43743606743053
"3200 W 43RD AV","Public",4,72.3279007298895,1,5.53036927608076
"3200 W 48TH AV","Public",4,209.462777730778,1,1.90964716659166
"3300 DUNBAR ST","Public",4,96.4916206043201,1,4.14543768147771
"3300-3400 W KING EDWARD AV","Public",4,239.55395773078,1,1.66976994990638
"3400-3500 E 1ST AV","Public",4,220.374941767159,1,1.81508839794784
"3400-3500 NORMANDY DRIVE","Public",4,215.133466830581,1,1.85931090077679
"3500 E 43RD AV","Public",4,149.925780909682,3,2.6679867703405
"3500 WALKER ST","Public",4,191.168559904208,1,2.09239427341208
"3700 ALEXANDRA ST","Public",4,104.620593344364,1,3.82333905030897
"3700 FRASER ST","Public",4,100.607254519779,1,3.97585643211606
"3700 W 12TH AV","Public",4,141.085329701925,2,2.83516366191361
"3700 W 1ST AV","Public",4,138.586620880049,1,2.88628150004618
"3700 W 3RD AV","Public",4,138.829180164924,1,2.88123865260037
"3800 W 22ND AV","Public",4,200.648285139063,1,1.99353809439624
"3800 W 33RD AV","Public",4,199.906082479035,1,2.00093961644188
"3900 CASSIAR ST","Public",4,99.5441101017905,2,4.01831911090443
"3900 HEATHER ST","Public",4,66.7874887512976,1,5.98914568399951
"3900 W KING EDWARD AV","Public",4,200.377720843256,1,1.99622991177196
"400 E 57TH AV","Public",4,209.456683487334,2,1.90970272869898
"400 N SLOCAN ST","Public",4,55.178184552802,1,7.24924176541592
"400 POWELL ST","Public",4,140.45985747633,1,2.84778873613344
"400 VICTORIA DRIVE","Public",4,100.655356549016,2,3.97395641637027
"400 W 10TH AV","Public",4,144.045476332648,1,2.77690081065976
"400 W 40TH AV","Public",4,200.766179940965,2,1.99236744016159
"400-600 MOBERLY ROAD","Public",4,75.7002231632249,1,5.28400027484093
"4000 W 20TH AV","Public",4,219.02136902383,1,1.82630581565071
"4100 NOOTKA ST","Public",4,91.1796309831878,2,4.38694471217759
"4200 ST. GEORGE ST","Public",4,78.5583053927397,2,5.09175952816528
"4300 QUESNEL DRIVE","Lane",4,56.8754453427832,1,7.03291196384021
"4300 QUESNEL DRIVE","Public",4,155.192708142133,3,2.5774406851233
"4300 W 10TH AV","Public",4,220.567333963985,1,1.81350516783829
"4400 CHALDECOTT ST","Public",4,161.964326777259,2,2.46967963846816
"4500 CARIBOO ST","Public",4,63.8943806396895,1,6.26033144065771
"4500 CARNARVON ST","Public",4,52.7677673840071,1,7.5803851447623
"4500 ST. GEORGE ST","Public",4,71.1725202253672,2,5.6201466343106
"4600 CONNAUGHT DRIVE","Public",4,153.116101067278,1,2.61239671864582
"4700-4800 NW MARINE DRIVE","Public",4,691.121186980957,2,0.578769697030026
"4800 DUMFRIES ST","Public",4,162.913781611325,1,2.45528644687843
"500 HOWE ST","Public",4,112.022074531232,1,3.57072480289124
"5100 TRAFALGAR ST","Public",4,105.610677758832,2,3.7874958147075
"5200 GLADSTONE ST","Public",4,61.2917327379617,1,6.52616563656481
"5200 HIGHBURY ST","Public",4,52.8249793481419,1,7.57217522725013
"5300 CARTIER ST","Public",4,51.748198928272,1,7.72973761955345
"5300 OBEN ST","Public",4,86.6405633514826,1,4.61677515157979
"5500-5600 BALACLAVA ST","Public",4,210.561804043767,2,1.89967977248551
"5600 HAROLD ST","Public",4,107.467391086667,1,3.72205927728736
"5600 RHODES ST","Public",4,120.294369670755,1,3.32517640763071
"5700-5800 WILTSHIRE ST","Public",4,206.449143872574,1,1.9375231715511
"5800 ALBERTA ST","Public",4,103.036327927853,2,3.88212592630516
"5800 EARLES ST","Public",4,82.7124606655177,2,4.83603071147365
"5900 CARNARVON ST","Public",4,99.3322216521217,2,4.02689070421547
"5900 YEW ST","Public",4,98.3552440220119,2,4.06689042335638
"5900-6000 SELKIRK ST","Public",4,208.809274526594,1,1.91562372364383
"600 W 49TH AV","Public",4,59.3763829568602,1,6.73668519503149
"6100 DOMAN ST","Public",4,41.2575737213717,1,9.69518960812758
"6300 FREMLIN ST","Public",4,100.934494269027,1,3.96296630697783
"6300 KILLARNEY ST","Public",4,48.651899062207,1,8.22167289890482
"6400 CAMBIE ST","Public",4,98.9829600367657,2,4.04109959786438
"6500-6600 DUMFRIES ST","Public",4,163.890359303557,1,2.44065606848248
"6600 MARINE CRESCENT","Public",4,102.741988412313,2,3.89324760189343
"6600-6800 NEAL ST","Public",4,181.593710039417,1,2.20271946596154
"6700 MARGUERITE ST","Public",4,79.4640150924005,1,5.03372500791561
"6700-6800 KILLARNEY ST","Public",4,161.790835769761,1,2.47232791707205
"6700-6800 RUPERT ST","Public",4,161.700835433113,1,2.47370397888549
"6700-6900 BROOKS ST","Public",4,248.461196024002,1,1.60990933957091
"6800-6900 KILLARNEY ST","Public",4,171.573338800288,2,2.3313645511416
"6800-6900 WILTSHIRE ST","Public",4,263.861501786731,1,1.51594680274087
"6800-7000 SELKIRK ST","Public",4,192.947520038783,1,2.07310257172313
"700 E 24TH AV","Public",4,173.549630035183,2,2.30481620686204
"700 E GEORGIA ST","Public",4,171.683838243048,1,2.32986403434044
"700 SE MARINE DRIVE","Public",4,97.7285631997411,1,4.09296920883269
"700 W 66TH AV","Public",4,281.025773323091,3,1.42335699416482
"7000 INVERNESS ST","Public",4,48.7206240499881,1,8.2100754618741
"7500 VICTORIA DRIVE","Public",4,95.5896104018961,1,4.18455518668026
"7700 CAMBIE ST","Public",4,100.137912710379,1,3.9944910890732
"7800 ADERA ST","Public",4,55.83702406326,1,7.1637055647311
"7800 CAMBIE ST","Public",4,100.598795311628,1,3.97619075617068
"7800-7900 SHAUGHNESSY ST","Public",4,64.1898989272061,1,6.23151004574124
"7900 ARGYLE ST","Public",4,99.8063884562035,1,4.00775948501058
"7900 LABURNUM ST","Public",4,129.101854262737,1,3.09832885270535
"7900 PRINCE EDWARD ST","Public",4,91.7512847517088,2,4.35961197799522
"800 VICTORIA DRIVE","Public",4,100.520514118213,2,3.97928724806953
"800 W 20TH AV","Public",4,171.684673413753,1,2.32985270057286
"800-900 W 37TH AV","Public",4,202.852008581957,1,1.97188089384084
"8100-8200 ADERA ST","Public",4,98.7974847107092,2,4.04868606899505
"8300 LAUREL ST","Public",4,80.4504435921837,2,4.97200490313844
"8800 MONTCALM ST","Public",4,136.269975117714,1,2.93534947558675
"8800 OSLER ST","Public",4,83.4303518425538,1,4.79441823228629
"900 BUTE ST","Public",4,55.0796875698053,1,7.26220531830468
"900 DAVIE ST","Public",4,49.6080580353602,1,8.06320617740939
"GRANVILLE BRIDGE","Public",4,721.353512874125,2,0.554513137956811
"0 E 42ND AV","Public",3,100.577178070927,1,2.98278402470629
"0 KEEFER PLACE","Public",3,125.922817717056,1,2.38241174585285
"0 N RENFREW ST","Public",3,100.740104211488,1,2.97795999267776
"0 W 40TH AV","Public",3,179.034321508199,2,1.67565636282907
"100 E 53RD AV","Public",3,110.587795783215,2,2.71277673883735
"100 KEEFER ST","Public",3,185.064791508574,2,1.62105388904351
"100 TERMINAL AV","Public",3,126.218493131368,1,2.37683078412099
"100 W 11TH AV","Public",3,190.473681007435,1,1.57502075044315
"100 W 49TH AV","Public",3,169.922903048081,1,1.76550655984916
"1000 BEACH AV","Public",3,106.113117840323,1,2.82717166459509
"1000 E 58TH AV","Public",3,171.359665254684,1,1.75070370004589
"1000 MARINASIDE CRESCENT","Public",3,125.010588506028,1,2.39979671790389
"1000 SE MARINE DRIVE","Public",3,125.731255540892,1,2.38604155115932
"1000 UNION ST","Public",3,50.7061372461275,1,5.91644357652015
"1000-1100 BUTE ST","Public",3,109.873359803994,2,2.73041618582684
"1000-1100 RICHELIEU AV","Public",3,119.889372281317,1,2.50230687083804
"1000-1100 W 55TH AV","Public",3,253.373437482773,2,1.18402308853073
"1100 BUTE ST","Public",3,54.9038509130163,1,5.46409759991676
"1100 MCLEAN DRIVE","Public",3,100.239755362377,1,2.9928245426724
"1100 PENDRELL ST","Public",3,221.029754747403,1,1.35728332297543
"1100 W 11TH AV","Public",3,172.062809524417,1,1.74354935171175
"1100 W 33RD AV","Lane",3,158.419684162218,1,1.8937040657953
"1100 W 43RD AV","Public",3,54.6992942099443,1,5.48453146120229
"1100-1300 MAIN ST","Public",3,238.865773090941,1,1.25593548258496
"1200 COMOX ST","Public",3,160.629582822302,1,1.86765099385135
"1200 W 54TH AV","Public",3,129.736269505518,1,2.31238343096677
"1200-1300 BROUGHTON ST","Public",3,109.898397719539,2,2.72979412098072
"1300 CARDERO ST","Public",3,109.822225571027,2,2.73168749258297
"1300 JERVIS ST","Public",3,55.8800475388616,1,5.36864253365865
"1300 NICOLA ST","Public",3,54.8622336928079,1,5.46824253784126
"1300 PARKER ST","Public",3,101.316456360951,2,2.96101947082728
"1300 RUPERT ST","Public",3,108.635126928629,1,2.7615377132766
"1400 BALSAM ST","Public",3,27.9251480919276,1,10.7430048002761
"1400 W 37TH AV","Public",3,54.4094363151171,1,5.51374945813669
"1400 YEW ST","Public",3,61.6392709698118,1,4.86702706375172
"1500 E 57TH AV","Public",3,107.00506477016,1,2.80360561104636
"1500 MATTHEWS AV","Public",3,253.705565428659,1,1.18247307461751
"1500 PENDRELL ST","Public",3,120.563555897625,1,2.48831413246256
"1500 W 62ND AV","Public",3,179.834190669586,1,1.66820335378381
"1500 W 6TH AV","Public",3,37.4200535732272,1,8.01709167553517
"1600 COMOX ST","Public",3,160.623811528463,1,1.86771809948514
"1700 E 45TH AV","Public",3,82.6395878246936,1,3.63022139747842
"1700 PENDRELL ST","Public",3,160.649178349665,1,1.86742318312408
"1700 W 49TH AV","Public",3,115.469497278552,1,2.59808873399958
"1800 HIGHBURY ST","Public",3,99.307665086657,2,3.02091484819643
"1800 MUSQUEAMVIEW ST","Public",3,99.3536456371681,2,3.01951677843385
"1800 OGDEN AV","Public",3,105.262958772394,1,2.85000539124763
"1800 RENFREW ST","Public",3,101.764630564884,1,2.94797906045288
"1800 TEMPLETON DRIVE","Public",3,50.1911698874711,1,5.9771469896518
"1800 W 29TH AV","Public",3,158.998950618983,3,1.8868049055173
"1800 W 47TH AV","Public",3,57.4247270008315,1,5.22423032147207
"1800 W 58TH AV","Public",3,90.1379268445065,1,3.32823274843584
"1800-1900 DRUMMOND DRIVE","Public",3,144.001352460682,1,2.08331376666696
"1900 W 39TH AV","Public",3,100.264714912561,2,2.99207951931669
"1900 W 54TH AV","Public",3,105.146153676746,2,2.85317141435625
"200 DUNSMUIR ST","Public",3,99.2486532018819,1,3.0227110426352
"200 E 15TH AV","Public",3,160.128470870034,1,1.87349568986699
"200-300 E 59TH AV","Public",3,253.152408292538,2,1.18505686761363
"200-300 MIDLOTHIAN AV","Public",3,80.77269583353,1,3.71412637530745
"200-300 W KING EDWARD AV","Public",3,155.690420401076,1,1.9269008281124
"2000 BAUER ST","Public",3,73.5786188293451,1,4.07727142440396
"2000 JEPSON-YOUNG LANE","Lane",3,137.660877916358,1,2.17926839157803
"2000 KASLO ST","Public",3,51.0460550460414,1,5.87704573310146
"2000 W KING EDWARD AV","Public",3,47.8238520658901,1,6.27302040803133
"2000 WHYTE AV","Public",3,127.716057167291,1,2.34896070747816
"2100 GARDEN DRIVE","Public",3,100.483137641194,2,2.98557556066017
"2100 KASLO ST","Public",3,50.3684719466093,1,5.95610683441024
"2100 W 41ST AV","Public",3,55.8103343719462,1,5.37534855105256
"2100 W 59TH AV","Public",3,128.601423671724,1,2.33278910477538
"2200 ARBUTUS ST","Public",3,93.2584803015479,1,3.2168656301278
"2200 DUNBAR ST","Public",3,93.263414456511,1,3.21669543998832
"2200 STEPHENS ST","Public",3,93.2156262826373,1,3.2183445197308
"2200 W 18TH AV","Public",3,172.007087763198,1,1.74411417518451
"2300 CORNWALL AV","Public",3,172.049558869427,1,1.74368363378181
"2400 HEATHER ST","Public",3,48.0030949079633,1,6.24959704317383
"2400 KEITH DRIVE","Public",3,50.3026542487728,1,5.96390000647568
"2400-2500 E 46TH AV","Public",3,189.392091797723,1,1.58401545255865
"2400-2600 W 23RD AV","Public",3,327.037835441031,1,0.917325053828807
"2500 GRANVILLE ST","Public",3,107.344821880304,1,2.79473191855046
"2500 GUELPH ST","Public",3,49.5684898956161,1,6.05223198511303
"2500 HIGHBURY ST","Public",3,98.6249917861225,2,3.0418253483922
"2500 PRINCE EDWARD ST","Public",3,67.7271971240313,1,4.42953514598572
"2500 QUEBEC ST","Public",3,53.3384013328979,1,5.62446553520844
"2500 ST. GEORGE ST","Public",3,50.2762925415993,1,5.96702709834413
"2600 ALDER ST","Public",3,51.1686245590106,1,5.86296783596407
"2600 CROWN ST","Public",3,52.4327965359464,1,5.72160975229176
"2600 E 7TH AV","Public",3,190.480931366404,1,1.57496079973973
"2600 HOYLAKE AV","Public",3,49.5795287184271,1,6.05088446289527
"2600 W 39TH AV","Public",3,62.4958341033188,1,4.80031996219198
"2600 W 7TH AV","Public",3,133.714570101729,1,2.24358497186777
"2600-2700 LARCH ST","Public",3,206.849448486199,1,1.45033019036556
"2600-2700 SW MARINE DRIVE","Public",3,234.477845897761,1,1.27943857063071
"2700 BALACLAVA ST","Public",3,50.2749948036547,1,5.96718112396885
"2700 E 52ND AV","Public",3,149.755620111465,2,2.00326371575709
"2700 ROSEMONT DRIVE","Public",3,91.928084330511,1,3.26342055515269
"2700 W 1ST AV","Public",3,141.51538263407,2,2.11991088471095
"2800 E 14TH AV","Public",3,55.1843822643457,1,5.4363207068792
"2900 E 1ST AV","Public",3,198.296354317347,2,1.51288711803491
"2900 E 22ND AV","Public",3,188.58843534167,1,1.59076562386492
"2900 LILLOOET ST","Public",3,48.2930715227009,1,6.21207122555832
"2900 ST. GEORGE ST","Public",3,118.333814018075,1,2.53520096930346
"2900 SW MARINE DRIVE","Public",3,19.8588706144762,1,15.1065992535
"300 E 30TH AV","Public",3,45.5978416862202,1,6.57925877422968
"300 W 39TH AV","Public",3,52.4342972330849,1,5.72144599681421
"3000 KINGS AV","Public",3,80.5011531987461,1,3.72665468852778
"3000 LILLOOET ST","Public",3,90.0720804671472,2,3.33066582279535
"3000-3100 W 43RD AV","Public",3,199.866308906992,1,1.50100335389495
"3100 COURTENAY ST","Public",3,110.566772213982,2,2.71329255609819
"3100 E 1ST AV","Public",3,183.361719010813,1,1.63611031581957
"3100 INVERNESS ST","Public",3,54.1049808661201,1,5.54477601133127
"3100 ST. GEORGE ST","Public",3,93.7481468040323,2,3.20006325700613
"3200 E 47TH AV","Public",3,52.4282606992214,1,5.72210475798704
"3200 W 1ST AV","Public",3,140.552383767181,1,2.13443551762834
"3300 VALLEY DRIVE","Public",3,149.340641069353,2,2.00883026784839
"3400 E 29TH AV","Public",3,90.5364943671143,2,3.31358091670235
"3400 E 2ND AV","Public",3,182.471968157653,1,1.64408814695748
"3400 ROSEMONT DRIVE","Public",3,261.396526141864,1,1.1476816636698
"3400 W 16TH AV","Public",3,73.7696648771785,1,4.0667122522446
"3400-3500 QUESNEL DRIVE","Public",3,96.6276439851023,1,3.10470159084343
"3500 MACDONALD ST","Public",3,50.2898377580997,1,5.96541992127787
"3500 MOSCROP ST","Public",3,50.750325220707,1,5.91129216798782
"3500 NORMANDY DRIVE","Public",3,112.629875639853,1,2.66359168289668
"3600 ETON ST","Public",3,161.329743487464,1,1.85954550918449
"3600 W 27TH AV","Public",3,52.5907292356516,2,5.70442746012786
"3600-3700 W 23RD AV","Public",3,161.034627620927,1,1.86295335625699
"3700 DUNBAR ST","Public",3,100.648384202917,1,2.98067378205665
"3700 W 39TH AV","Public",3,101.562464199049,1,2.95384719508223
"3700-3800 LANARK ST","Public",3,140.241267577125,2,2.13917062490195
"3800 CASSIAR ST","Public",3,49.4493002100104,1,6.06681992921851
"3800 ONTARIO ST","Public",3,58.3432370938241,1,5.14198414321026
"3800 W 17TH AV","Public",3,200.822945258535,1,1.49385320294843
"3800 W 23RD AV","Public",3,200.632150213742,1,1.49527381170165
"3800 W 39TH AV","Public",3,101.627489059532,1,2.95195721921521
"3900-4000 ARBUTUS ST","Public",3,140.659414394324,1,2.1328113819597
"400 W 48TH AV","Public",3,132.955765257646,2,2.25638955496702
"4000 FRASER ST","Public",3,61.7801331678545,1,4.85592996675663
"4000 NOOTKA ST","Public",3,98.5417924388458,1,3.04439357733601
"4000 W 30TH AV","Public",3,229.537024233581,1,1.30697869331404
"4100 W 12TH AV","Public",3,220.515029799369,1,1.36045148610935
"4100 W 16TH AV","Public",3,220.696660748577,1,1.35933184934668
"4100-4200 CYPRESS ST","Public",3,153.651753771008,1,1.9524671384298
"4200 CARNARVON ST","Public",3,52.6327075532481,1,5.69987777460417
"4300 CARNARVON ST","Public",3,52.7857663152102,1,5.68335028440337
"4300 MILLER ST","Public",3,50.8243066010497,1,5.90268751435959
"4300 WILLOW ST","Public",3,102.4393985774,2,2.92856073118518
"4400 RUPERT ST","Public",3,91.9700510640874,1,3.26193142799227
"4400 W 10TH AV","Public",3,220.555478992975,1,1.3602019835089
"4400 W 2ND AV","Public",3,220.544659076452,1,1.36026871499076
"4400-4500 COMMERCIAL ST","Public",3,116.188156807872,1,2.58201875511354
"4500 SELKIRK ST","Public",3,118.978427893312,2,2.52146549010557
"4500 W 7TH AV","Public",3,220.483736665736,2,1.36064457422914
"4600 WALDEN ST","Public",3,63.3818191610984,1,4.73321851550972
"4700-4800 BELMONT AV","Public",3,772.773427563628,2,0.388212106290752
"4700-4800 NARVAEZ DRIVE","Public",3,320.041217233672,2,0.937379261937256
"4900 PINE CRESCENT","Public",3,132.491102939962,1,2.26430298595933
"4900 PRINCE EDWARD ST","Public",3,45.2320180920935,1,6.6324699328956
"500 DUNSMUIR ST","Public",3,49.5770333078331,1,6.05118902813817
"500 N SLOCAN ST","Public",3,56.2543611498805,1,5.33291986377197
"500 W 17TH AV","Public",3,65.75120753061,1,4.56265384723676
"500 W 20TH AV","Public",3,161.457156435456,1,1.85807805998323
"500 W 61ST AV","Public",3,229.74985317096,2,1.30576797268622
"500 W KING EDWARD AV","Public",3,140.176928740844,1,2.14015246799017
"500-600 E 57TH AV","Public",3,275.733081800047,2,1.08800872946232
"500-600 E 62ND AV","Public",3,165.882912383742,1,1.8085045390691
"5100 CROWN ST","Public",3,52.3562000790571,1,5.72998039481483
"5200 CYPRESS ST","Public",3,99.4972069404041,2,3.0151600152926
"5300 ALBERTA ST","Public",3,91.9406236989549,2,3.26297547189045
"5300 MACKENZIE ST","Public",3,105.562150460696,2,2.84192770506034
"5300 QUEBEC ST","Public",3,100.699251668648,2,2.97916811722844
"5300 WINDSOR ST","Public",3,95.9185924912039,2,3.12765223309038
"5300-5400 LABURNUM ST","Public",3,155.732567270705,1,1.92637933900184
"5400 CAMBIE ST","Public",3,102.461772080534,1,2.92792125207637
"5400 CONNAUGHT DRIVE","Public",3,38.0519274057325,1,7.88396332204726
"5500 QUEBEC ST","Public",3,101.353850714326,2,2.95992700707122
"5500 ROSS ST","Public",3,98.6894823463178,2,3.0398376085027
"5500-5600 OLYMPIC ST","Public",3,187.091257889828,1,1.60349555283155
"5500-5600 WALLACE ST","Public",3,187.977655809392,1,1.59593436096574
"5700 ALBERTA ST","Public",3,50.2838162518408,1,5.96613428259868
"5700 COLUMBIA ST","Public",3,50.0365994935393,1,5.99561127327879
"5700 MANITOBA ST","Public",3,50.3881258312218,1,5.95378365539669
"5800 CARNARVON ST","Public",3,108.309663185435,2,2.7698359608632
"5800 COLUMBIA ST","Public",3,99.164921656535,2,3.02526331880816
"5800 STIRLING ST","Public",3,49.0709387504858,1,6.1135981425876
"5900 LATTA ST","Public",3,32.6645006677594,1,9.18428244323682
"600 BROUGHTON ST","Public",3,60.1882114431171,1,4.98436475859604
"600 CARRALL ST","Public",3,186.724119302717,1,1.6066483597314
"600 E PENDER ST","Public",3,141.32979632083,1,2.12269463205747
"600 LAKEWOOD DRIVE","Public",3,89.4398291882678,1,3.35421034144095
"600 VICTORIA DRIVE","Public",3,73.4152367060223,2,4.08634519835841
"6000 ST. GEORGE ST","Public",3,50.3215506680276,1,5.96166048179054
"6100 ALBERTA ST","Public",3,113.102933149511,2,2.65245110490132
"6100 CAMBIE ST","Public",3,111.694577442831,1,2.68589583190418
"6100 NANAIMO ST","Public",3,100.781691664834,1,2.97673114078793
"6100-6300 ALMA ST","Public",3,228.843219101101,1,1.3109411813835
"6200 NANAIMO ST","Public",3,53.6773377609626,1,5.5889508033347
"6200 RALEIGH ST","Public",3,49.3144724109135,1,6.08340686482958
"6300 BOUNDARY ROAD","Public",3,128.548933231484,1,2.33374165353653
"6300 DOMAN ST","Public",3,41.4193165357921,1,7.24299735223196
"6300 FRONTENAC ST","Public",3,65.6217689850282,1,4.57165365457377
"6400 QUEBEC ST","Public",3,110.818996775645,1,2.70711708938637
"6500 CYPRESS ST","Public",3,147.769621072492,1,2.0301872456777
"6700 MARINE CRESCENT","Public",3,126.8062505323,1,2.36581397794412
"6700-6800 ARGYLE ST","Public",3,177.496168900201,1,1.69017732528457
"6700-6800 FLEMING ST","Public",3,177.627537182932,1,1.68892731812771
"6800 GLADSTONE ST","Public",3,106.965330245167,1,2.80464706940457
"6900 BEECHWOOD ST","Public",3,49.67414717309,1,6.03935884303453
"6900 GLADSTONE ST","Public",3,107.191014019994,1,2.79874206567392
"700 E 56TH AV","Public",3,178.880417572628,1,1.67709805282736
"700 W 60TH AV","Public",3,281.907069372856,2,1.06418047857897
"700 W 69TH AV","Public",3,183.783451719856,1,1.63235589054718
"7000-7100 VICTORIA DRIVE","Public",3,105.841265973092,1,2.83443321696726
"7300 CAMBIE ST","Public",3,135.989288907875,1,2.20605609757422
"7300 ONTARIO ST","Public",3,93.7509822284338,1,3.19996647362072
"7400 HUDSON ST","Public",3,54.7807137771416,1,5.4763799029793
"7600 HEATHER ST","Public",3,59.2953496241335,1,5.05941868800278
"7900 CAMBIE ST","Public",3,100.66612697136,1,2.98014842753761
"800 DAVIE ST","Public",3,99.1822242565284,2,3.02473555366201
"800 SW MARINE DRIVE","Public",3,34.1134525996959,1,8.7941846145082
"800 VERNON DRIVE","Public",3,58.8482730283576,1,5.09785563045218
"800-900 E 57TH AV","Public",3,171.159837285806,1,1.75274763494344
"800-900 E 61ST AV","Public",3,113.402355830563,2,2.64544768759687
"8000 CAMBIE ST","Public",3,99.894178295922,2,3.00317801415107
"8100 CROMPTON ST","Public",3,110.472031062203,1,2.71561948409439
"8600 LAUREL ST","Lane",3,206.056913299682,1,1.45590844391467
"8700 OAK ST","Public",3,141.551759499912,1,2.11936609661278
"8800 SELKIRK ST","Public",3,156.376973104265,1,1.91844102136427
"900 BROUGHTON ST","Public",3,54.90004154258,1,5.46447673937227
"900 E 41ST AV","Public",3,153.847294104298,1,1.94998554733515
"900 GREAT NORTHERN WAY","Public",3,151.28985168186,1,1.9829486027315
"900 W 57TH AV","Public",3,177.033297582281,1,1.69459646347359
"LARCH ST","Public",3,455.700674902309,1,0.658326872270515
"0 RENFREW ST","Public",2,100.522061766007,1,1.98961299128102
"0 W 42ND AV","Public",2,133.337879887058,1,1.49994885301467
"0-100 E 60TH AV","Public",2,265.235944820197,2,0.754045610731909
"100 E 39TH AV","Public",2,99.2965014566653,1,2.01416965417743
"100 E 4TH AV","Public",2,58.1910878242848,1,3.43695241793597
"1000 BIDWELL ST","Public",2,54.9167852745788,1,3.64187377320101
"1000 E 13TH AV","Public",2,140.496286437852,1,1.4235251697451
"1000 E 18TH AV","Public",2,140.375786037766,1,1.42474714226136
"1000 E 50TH AV","Public",2,175.961101918587,1,1.1366148416855
"1000 E 61ST AV","Public",2,135.452880380273,1,1.47652821732928
"1000 HARO ST","Public",2,122.019264117099,1,1.63908544644282
"1000 JERVIS ST","Public",2,54.9137939603907,1,3.64207215666541
"1000 MCLEAN DRIVE","Public",2,100.971970370485,1,1.9807477190567
"1000 NANTON AV","Public",2,49.5824777642667,1,4.03368304728282
"1000 W KING EDWARD AV","Public",2,106.348539555896,1,1.88060880605587
"1000-1100 W 47TH AV","Public",2,58.5666989199193,1,3.4149099008204
"1100 DEVONSHIRE CRESCENT","Public",2,124.749200094218,1,1.60321669276395
"1100 NICOLA ST","Public",2,54.9138962516714,1,3.64206537236761
"1100 ROSSLAND ST","Public",2,129.876705760627,1,1.53992202703859
"1100 SE MARINE DRIVE","Public",2,58.5350043572301,1,3.4167589495583
"1200 CHESTNUT ST","Public",2,49.0709477265026,1,4.07573134952889
"1200 E 20TH AV","Public",2,139.697068544641,2,1.431669268966
"1200 E 29TH AV","Public",2,93.6810999468748,2,2.13490234544019
"1200 HARO ST","Public",2,160.669110081093,1,1.24479434720872
"1200 NICOLA ST","Public",2,109.852365261881,2,1.82062534132254
"1300 E 61ST AV","Public",2,220.66890954735,1,0.906335198783794
"1300 W 50TH AV","Public",2,172.255328443209,1,1.16106713102891
"1300 W 51ST AV","Public",2,172.56747148016,1,1.15896697265449
"1300-1400 MAPLE ST","Public",2,221.191239035367,1,0.904194944032216
"1400 COMOX ST","Public",2,120.500722412126,1,1.65974108699513
"1400 E 1ST AV","Lane",2,140.242479280106,1,1.42610142823088
"1400 E 54TH AV","Public",2,49.9839467785069,1,4.00128467018135
"1400 RUPERT ST","Lane",2,51.789775102301,1,3.86176614215716
"1400 STOVOLD LANE","Lane",2,120.362307885588,1,1.66164975990751
"1400 W 13TH AV","Public",2,51.6898963945562,1,3.86922810743075
"1400 W 57TH AV","Public",2,51.6532871452301,1,3.87197042150819
"1400 W 8TH AV","Lane",2,126.957918643931,1,1.57532513242379
"1400 W GEORGIA ST","Public",2,120.297342133554,1,1.66254712242902
"1500 BALFOUR AV","Public",2,120.677190460033,1,1.65731402295314
"1500 BALSAM ST","Public",2,49.1278111021296,1,4.07101386186796
"1500 E 20TH AV","Public",2,75.3205112914492,1,2.65531920284117
"1500 E 49TH AV","Public",2,100.461542522041,1,1.99081155812554
"1500 GRAVELEY ST","Public",2,140.39646928301,1,1.42453724813294
"1500 HOWE ST","Public",2,85.7480527485796,1,2.33241448160248
"1500 KITCHENER ST","Public",2,140.349597420204,1,1.42501299381147
"1500 SASAMAT ST","Public",2,43.5951442202415,1,4.58766689679028
"1500 W 29TH AV","Public",2,120.439615178151,2,1.66058318688718
"1500 W 66TH AV","Public",2,183.902145556306,1,1.08753489196658
"1500-1600 W 75TH AV","Public",2,286.140007630107,1,0.698958533119702
"1600 BEACH AV","Public",2,173.447467200703,1,1.15308688692797
"1600 E 55TH AV","Public",2,103.029078332235,1,1.94119954519117
"1600 HARO ST","Public",2,73.8518981362447,1,2.70812267588617
"1600 NAPIER ST","Public",2,44.7168975001622,1,4.47258220450724
"1600 SASAMAT ST","Public",2,87.3365850682384,1,2.28999107125307
"1600 TOLMIE ST","Public",2,42.5713085666753,1,4.69799982038982
"1600-1700 DRUMMOND DRIVE","Public",2,312.912765502999,1,0.639155771348942
"1700 BARCLAY ST","Public",2,160.580691133382,1,1.24547975593078
"1700 DAVIE ST","Public",2,160.630143031711,1,1.24509632018766
"1700 HARO ST","Public",2,160.579977469396,1,1.24548529120398
"1700 HIGHBURY ST","Public",2,51.8076375188782,1,3.86043466906056
"1700 NELSON ST","Public",2,105.357396707763,1,1.89830051092429
"1700 W BROADWAY","Public",2,172.029749444213,1,1.16258961398335
"1800 CORNWALL AV","Public",2,87.1273141779427,1,2.29549139540253
"1800 CREELMAN AV","Public",2,104.070692620099,2,1.92177062499317
"1800 FRANCES ST","Lane",2,196.639761042989,1,1.01708829861869
"1800 PRESTWICK DRIVE","Lane",2,130.075645675049,1,1.53756684398579
"1800 W 34TH AV","Public",2,49.344644986295,1,4.05312471202393
"1800 W 64TH AV","Public",2,141.682452506458,2,1.41160741123453
"1900 BLENHEIM ST","Public",2,49.632824817806,1,4.02959131853098
"1900 E 49TH AV","Public",2,47.9726238822097,1,4.16904442189931
"1900 E 61ST AV","Public",2,130.014006020417,1,1.53829580459657
"1900 E 6TH AV","Lane",2,140.298573475233,1,1.42553124415984
"1900 NANAIMO ST","Public",2,50.3103105149077,1,3.97532827671053
"1900 W 19TH AV","Public",2,174.653795026276,1,1.14512255499464
"1900 W GEORGIA ST","Public",2,140.417390551072,1,1.42432500144815
"1900 W KING EDWARD AV","Public",2,191.550651141222,1,1.04411025913219
"1900-2000 W 61ST AV","Public",2,53.2172921986632,1,3.75817693341834
"200 E 65TH AV","Public",2,88.0903232501272,1,2.27039693601886
"200 E BROADWAY","Public",2,52.0458320126846,1,3.84276688959946
"200 NANAIMO ST","Public",2,50.1846244397435,1,3.98528438207482
"200 UNION ST","Public",2,152.063559441666,1,1.31523950073471
"200 W 13TH AV","Public",2,108.332834081318,1,1.84616235415639
"2000 BARCLAY ST","Public",2,135.208933254501,1,1.47919220413894
"2000 E 8TH AV","Public",2,140.391789058945,1,1.42458473775862
"2000 E PENDER ST","Public",2,140.25832091381,1,1.42594035560215
"2000 HARO ST","Public",2,82.0640176070384,1,2.43712172316124
"2000 VICTORIA DRIVE","Public",2,50.4324658300251,1,3.96569941025825
"2000 W 18TH AV","Public",2,118.762996153617,2,1.68402622430732
"2000 W 44TH AV","Public",2,52.5247386302642,1,3.80772956164245
"2000 W 6TH AV","Public",2,174.10056086206,1,1.14876137681406
"2000 W 8TH AV","Public",2,174.100176191074,1,1.1487639149802
"2000-2200 QUALICUM DRIVE","Public",2,343.247472506793,1,0.5826699859998
"2000-2200 SCARBORO AV","Public",2,338.769447278132,1,0.590372011428169
"2100 E 20TH AV","Public",2,89.4858184942325,1,2.23499101159689
"2100 ETON ST","Public",2,56.4530230411652,1,3.54276864596182
"2100 PENTICTON ST","Public",2,105.499208420129,2,1.89574882120007
"2100 W 46TH AV","Public",2,50.1407797755713,1,3.9887692392339
"2100 W 49TH AV","Public",2,174.462136632832,2,1.14638054915557
"2100 W 57TH AV","Public",2,70.7335277442451,1,2.82751343497458
"2200 CAMBRIDGE ST","Public",2,139.93296056438,1,1.4292558321739
"2200 E 19TH AV","Public",2,88.2670168712796,2,2.26585203725262
"2200 E 38TH AV","Public",2,49.5352839071352,1,4.0375260667718
"2200 E 47TH AV","Public",2,182.993170556325,1,1.0929369625761
"2200 E 52ND AV","Public",2,183.833007893202,2,1.0879439024149
"2200 E 6TH AV","Public",2,140.302972283597,1,1.42548655060376
"2200 SLOCAN ST","Public",2,50.2715506770219,1,3.97839329216108
"2200 W 1ST AV","Public",2,171.974373981593,1,1.16296396590696
"2200 W 43RD AV","Public",2,102.310455215782,2,1.95483442604357
"2200-2300 BROCK ST","Public",2,44.4385726910456,1,4.50059459358604
"2300 E GEORGIA ST","Lane",2,94.4077603428353,1,2.11846991469466
"2300 FERNDALE ST","Public",2,93.9519643538579,1,2.12874740166928
"2300 LARCH ST","Public",2,93.2310550624796,1,2.14520794456277
"2300 VENABLES ST","Public",2,96.6411969897607,2,2.06951079073648
"2300 W 13TH AV","Public",2,171.90606326801,1,1.1634260956124
"2300 W 43RD AV","Public",2,51.1136506821059,1,3.91284905951781
"2300-2600 OLIVER CRESCENT","Public",2,283.376887655945,1,0.705773860579714
"2400 BONACCORD DRIVE","Public",2,35.7854101575858,1,5.5888698528052
"2400 E 1ST AV","Public",2,43.3373100371527,1,4.61496109999771
"2400 W 45TH AV","Lane",2,102.580095694835,2,1.94969597800902
"2400-2600 W 22ND AV","Public",2,276.793492283705,1,0.72256034038187
"2400-2800 E KENT AV SOUTH","Public",2,447.33379202713,1,0.447093431269039
"2500 CARNARVON ST","Public",2,49.1337731223828,1,4.07051987442198
"2500 CAROLINA ST","Public",2,50.273169235697,1,3.97826520668182
"2500 E 1ST AV","Public",2,189.204318587629,2,1.05705832452958
"2500 E GEORGIA ST","Public",2,190.515658516451,1,1.04978247750029
"2500-2600 MCBAIN AV","Public",2,111.260944776566,1,1.79757596344018
"2500-2600 W 34TH AV","Public",2,227.484175746973,1,0.879182032522811
"2500-2600 W 35TH AV","Public",2,227.565602030668,1,0.878867448398669
"2500-2700 LILLOOET ST","Public",2,218.841198862395,1,0.913904699113615
"2600 E 21ST AV","Public",2,146.31103288633,1,1.36695091309608
"2600 KITCHENER ST","Public",2,190.546822002198,1,1.04961078803872
"2600 MANITOBA ST","Public",2,38.0789668812136,1,5.25224333485451
"2600 ONTARIO ST","Public",2,53.2135210460746,1,3.75844326908628
"2600 SW MARINE DRIVE","Lane",2,169.746747119092,1,1.17822581813413
"2600 TRAFALGAR ST","Public",2,91.5159024772159,2,2.18541253035004
"2600 W 43RD AV","Public",2,112.005178137933,2,1.78563172993397
"2600 W 45TH AV","Public",2,57.121674209243,1,3.50129793583041
"2700 COLUMBIA ST","Public",2,51.173155261251,1,3.90829916543065
"2700 E 1ST AV","Public",2,182.925924236088,1,1.09333874263702
"2700 E 29TH AV","Public",2,173.668631049315,2,1.15161845171226
"2700 YALE ST","Public",2,190.607302790744,1,1.04927774052586
"2800 E 18TH AV","Public",2,54.9927236130395,1,3.63684478345381
"2800 MCGILL ST","Lane",2,189.727252619974,1,1.05414481703692
"2800 NANAIMO ST","Public",2,76.034119606449,1,2.63039805070666
"2800 ROSEMONT DRIVE","Public",2,154.750374462178,1,1.29240398089558
"2800 SASAMAT ST","Public",2,50.2563695348152,1,3.97959506130759
"2800 W 18TH AV","Public",2,157.408267787495,1,1.27058129036783
"2900 CAROLINA ST","Public",2,50.3239833851234,1,3.97424819234646
"2900 TRIMBLE ST","Public",2,50.2586511636747,1,3.97941439671094
"2900 VANNESS AV","Public",2,119.304797019089,1,1.67637852791452
"300 DAVIE ST","Public",2,56.5313874565355,1,3.53785762208244
"300 E 18TH AV","Public",2,102.082867368538,1,1.9591926163081
"300 KEEFER ST","Public",2,126.724694161016,1,1.57822436522025
"300 LAKEWOOD DRIVE","Public",2,53.3386090457971,1,3.74962908815785
"300 NANAIMO ST","Public",2,53.528507051608,1,3.73632688479758
"3000 COMMISSIONER ST","Non-city",2,290.096107163063,1,0.689426693642531
"3000 PINE ST","Public",2,51.1825707355454,1,3.90758020016965
"3100 E 17TH AV","Lane",2,181.037854269465,1,1.10474133051926
"3100 E 21ST AV","Public",2,182.824772998012,1,1.09394365282311
"3100 E 50TH AV","Public",2,161.330239229237,1,1.23969319673429
"3100 PRINCE EDWARD ST","Public",2,50.7224239458623,1,3.9430292253672
"3100 WATERLOO ST","Lane",2,60.2863922135236,1,3.31749823893319
"3100-3200 ROSEMONT DRIVE","Public",2,172.952958050397,1,1.1563838066402
"3200 E 17TH AV","Public",2,55.326417338989,1,3.61490965110908
"3200 E 1ST AV","Public",2,198.599596610997,2,1.00705139090361
"3200 E 20TH AV","Public",2,143.20140336818,1,1.39663435759625
"3200 POINT GREY ROAD","Public",2,141.972138341873,1,1.40872710896552
"3200 SLOCAN ST","Public",2,55.7534846239304,1,3.58721972893792
"3200 W 2ND AV","Public",2,140.41600974907,1,1.42433900776279
"3200 W 33RD AV","Public",2,210.874756390056,2,0.948430259855567
"3200 W 8TH AV","Public",2,112.177783605354,1,1.78288421799817
"3200 W KING EDWARD AV","Public",2,210.576350675407,2,0.949774271225215
"3200-3300 E HASTINGS ST","Public",2,190.395515890371,1,1.05044490709098
"3200-3400 CARNARVON ST","Public",2,245.402597443488,1,0.814987298763438
"3200-3400 PUGET DRIVE","Public",2,239.768106199528,1,0.834139298883921
"3300 ANZIO DRIVE","Lane",2,198.61652787306,1,1.00696554381327
"3300 E 24TH AV","Public",2,198.631179257624,2,1.0068912682666
"3300 FRASER ST","Public",2,100.605022543758,1,1.98797231930454
"3300 GRANDVIEW HIGHWAY","Lane",2,63.9926812331073,1,3.12535740253571
"3300 KITCHENER ST","Lane",2,33.0865780458724,1,6.04474719998885
"3300 MAQUINNA DRIVE","Public",2,169.154712752058,1,1.18234955885122
"3300 WILLOW ST","Public",2,50.1721073523349,1,3.98627864274257
"3300-3400 W 31ST AV","Public",2,193.392945388985,2,1.03416388636993
"3400 COPLEY ST","Public",2,75.7412073110334,1,2.64057053089601
"3400 CROWN ST","Public",2,50.3530871654439,1,3.9719511008901
"3400 DUNDAS ST","Public",2,185.380301821388,1,1.07886327746245
"3400 E 24TH AV","Public",2,183.887510614335,1,1.08762144493574
"3400 E 3RD AV","Public",2,182.43705440514,1,1.09626852205067
"3400 MACKENZIE ST","Public",2,50.2623742110767,1,3.97911963251279
"3400 SOPHIA ST","Public",2,50.3837335233381,1,3.9695351260017
"3500 FRASER ST","Public",2,100.583521819411,1,1.98839726808415
"3500 PUGET DRIVE","Public",2,56.3890447564618,1,3.54678822568778
"3500 TRAFALGAR ST","Public",2,100.543088353763,1,1.98919690328485
"3500 W 16TH AV","Public",2,140.367108677265,1,1.42483521876798
"3500 W 24TH AV","Public",2,46.6267055262255,1,4.28938733163356
"3500 W 8TH AV","Public",2,110.398145165482,1,1.81162464007171
"3500-3600 CYPRESS ST","Public",2,23.9644248214653,1,8.34570416315007
"3600 KASLO ST","Public",2,46.5509522082904,1,4.29636753948894
"3700 PENTICTON ST","Lane",2,51.6369968951336,1,3.87319193651342
"3700 PRINCE EDWARD ST","Public",2,100.338628218088,2,1.99325029205398
"3700 RUPERT ST","Public",2,98.4721489842526,1,2.03103112974597
"3700 W 29TH AV","Public",2,99.0168946526748,1,2.01985732537409
"3700-3800 DUMFRIES ST","Public",2,139.98425564426,1,1.42873210333208
"3800 BLENHEIM ST","Public",2,100.569908427595,1,1.98866642246164
"3800 SLOCAN ST","Lane",2,54.7232949806414,1,3.65475068836317
"3800 SOPHIA ST","Public",2,50.2103950744216,1,3.9832389230071
"3800 W 16TH AV","Public",2,200.91210330144,1,0.995460187383176
"3800 W 27TH AV","Public",2,200.489379349614,1,0.997559075941071
"3800 WINDERMERE ST","Lane",2,54.6998453123577,1,3.65631746960016
"3900 W 12TH AV","Public",2,220.622386898297,1,0.906526317713153
"3900 WALLACE ST","Public",2,50.2698188677476,1,3.9785303489191
"3900-4000 ALEXANDRA ST","Public",2,74.0362275775245,1,2.70138020998675
"400 E 56TH AV","Public",2,210.168209631857,1,0.951618707464519
"400 E 6TH AV","Public",2,62.6165444591171,1,3.1940440298583
"400 E KENT AV NORTH","Public",2,324.859594889794,1,0.61565058611813
"400 NANAIMO ST","Public",2,52.3505849954407,1,3.82039665874638
"400 PRINCESS AV","Public",2,50.143601313667,1,3.98854479455764
"400 W 19TH AV","Public",2,137.032332580848,1,1.45950956415342
"400-600 E 37TH AV","Public",2,432.421001325583,1,0.462512226249191
"400-600 E 58TH AV","Public",2,220.12135876089,1,0.908589703088526
"4000 ASH ST","Public",2,52.7798655559576,1,3.78932378651019
"4000 W 16TH AV","Public",2,179.127826813207,2,1.11652110985837
"4000 W 31ST AV","Public",2,229.377433152434,1,0.871925355739283
"4100 SALISH DRIVE","Public",2,164.602048942652,1,1.2150517036983
"4100 ST. CATHERINES ST","Public",2,63.1266500664984,1,3.16823401510008
"4100 VICTORIA DRIVE","Public",2,97.1758997614206,1,2.05812346982149
"4100 WALLACE ST","Public",2,52.7543015635202,1,3.79116003951232
"4100-4200 NANAIMO ST","Public",2,148.642870375682,1,1.34550684802115
"4300 QUEBEC ST","Public",2,40.725864432721,1,4.91088409751006
"4400 HEATHER ST","Public",2,48.6747078555792,1,4.10891012624898
"4400 W 1ST AV","Public",2,220.621174451227,1,0.906531299624708
"4500 SLOCAN ST","Public",2,61.454460148037,1,3.25444238739096
"4600 MACDONALD ST","Public",2,53.0409986961302,1,3.77066806652326
"4600 PINE CRESCENT","Public",2,95.6799635612458,1,2.09030179941465
"4600 W 3RD AV","Public",2,223.001985233169,1,0.896853002411083
"4700-4800 CONNAUGHT DRIVE","Public",2,59.475827319981,1,3.36271068452728
"4800 CARNARVON ST","Public",2,52.7619102474872,1,3.79061332430672
"4800 WALLACE ST","Public",2,52.7576838292512,1,3.79091699035337
"4900 CARNARVON ST","Public",2,52.7659153370954,1,3.79032560550307
"4900 GLADSTONE ST","Public",2,96.2831413217149,2,2.07720684280264
"4900 TRAFALGAR ST","Public",2,52.4917659118331,1,3.81012138810355
"4900-5000 CHESTER ST","Public",2,178.558909239212,1,1.12007852675704
"4900-5000 ST. CATHERINES ST","Public",2,45.9587210638876,1,4.35173119204032
"4900-5200 ASH ST","Public",2,189.701931107954,1,1.05428552483309
"500 DAVIE ST","Public",2,49.6461943110526,1,4.02850616800399
"500 W 18TH AV","Public",2,156.553349845522,1,1.2775197732744
"500 W 24TH AV","Public",2,46.35404172711,1,4.31461837087295
"500 W 27TH AV","Public",2,217.570093161493,2,0.919243987506814
"500 W 30TH AV","Public",2,59.7127001692181,1,3.34937122979242
"500-600 E 29TH AV","Public",2,96.5429592737242,2,2.07161663061258
"500-600 MOBERLY ROAD","Public",2,102.251865460921,1,1.95595453538632
"500-700 NATIONAL AV","Public",2,446.472919376014,1,0.447955500368349
"5100 DUMFRIES ST","Public",2,47.0495518171706,1,4.25083751652254
"5200 DUNBAR ST","Lane",2,105.527296229632,1,1.89524423675929
"5400 BALACLAVA ST","Public",2,52.8306985745821,1,3.78567774790364
"5400 HUDSON ST","Public",2,51.2581986331811,1,3.90181483807614
"5400 QUEBEC ST","Public",2,49.8345767338182,1,4.01327779040367
"5500-5600 BALSAM ST","Public",2,52.7199656924291,1,3.79362917583843
"5500-5600 LABURNUM ST","Public",2,153.531680317655,1,1.30266274417242
"5600 CAMBIE ST","Public",2,104.416351333013,1,1.91540881717025
"5600 OSLER ST","Public",2,49.661992156063,1,4.02722467055891
"5600 QUEBEC ST","Public",2,100.616103177486,2,1.98775338821462
"5700 CROWN ST","Public",2,61.898948533237,1,3.23107265533935
"5700 DUNBAR ST","Public",2,106.097978865545,1,1.88505004655606
"5700 HAROLD ST","Public",2,49.2437999889636,1,4.06142499248278
"5700-6000 ALMA ST","Public",2,398.110669536677,1,0.502372870922452
"5800 YEW ST","Public",2,98.399254565198,1,2.03253572279333
"5900 QUEBEC ST","Public",2,69.8865401815374,1,2.86178138852602
"5900-6100 BEATRICE ST","Public",2,321.206898406605,1,0.62265163354875
"5900-6100 COMMERCIAL ST","Public",2,172.635744252013,1,1.15850863253464
"600 HEATLEY AV","Public",2,49.9409920436811,1,4.00472621419032
"600 NANAIMO ST","Public",2,90.429715960187,2,2.21166237089645
"6000 PRINCE EDWARD ST","Public",2,100.42296508762,2,1.99157632744163
"6100 BRUCE ST","Public",2,93.1804141281821,1,2.14637380474477
"6100 COMMERCIAL ST","Public",2,148.590629994673,1,1.34597989124328
"6100-6200 ANGUS DRIVE","Public",2,206.766683149629,1,0.967273822617097
"6100-6200 BALSAM ST","Public",2,157.273095174885,2,1.27167332580059
"6100-6200 MACKENZIE ST","Public",2,183.790673698484,1,1.08819449853102
"6300 INVERNESS ST","Public",2,90.192780726692,2,2.21747237848285
"6400 CARTIER ST","Public",2,52.1751163637124,1,3.83324492476071
"6400 GLADSTONE ST","Public",2,50.3045499707798,1,3.97578350499454
"6500 MACDONALD ST","Public",2,121.340941478473,2,1.64824829577808
"6500-6600 BALSAM ST","Public",2,50.2757467760904,1,3.97806124871155
"6500-6600 LANCASTER ST","Public",2,47.9972136856484,1,4.1669085482727
"6600 ANGUS DRIVE","Public",2,95.4400237777175,1,2.0955568961907
"6600 HUDSON ST","Public",2,49.6684090709587,1,4.02670437287955
"6600 TYNE ST","Public",2,94.4678289730449,1,2.11712285731757
"6600-6700 CYPRESS ST","Public",2,174.886889126867,1,1.14359630386538
"6700 GLADSTONE ST","Public",2,100.645286089596,1,1.98717702309433
"6700-6800 DUMFRIES ST","Public",2,177.659582590421,1,1.12574845152644
"6800 CARTIER ST","Public",2,62.7954666488963,1,3.18494328767784
"6800 HUDSON ST","Public",2,62.7795105989842,1,3.18575277334571
"6800-7000 MONTGOMERY ST","Public",2,70.9940460698686,1,2.81713764846098
"6900 FLEMING ST","Public",2,150.998083507219,1,1.32452012207451
"6900 MCKINNON ST","Public",2,109.416769625296,1,1.82787337521397
"6900-7000 BLENHEIM ST","Public",2,221.451871291996,1,0.903130774344595
"700 DAVIE ST","Public",2,51.7268045116402,1,3.86646733522837
"700 E 57TH AV","Public",2,182.228337251015,2,1.0975241448014
"700 NANAIMO ST","Public",2,44.7922256105402,1,4.46506056070894
"700 W 13TH AV","Public",2,141.62004465796,1,1.41222946570197
"700 W 22ND AV","Public",2,92.8837712985304,1,2.15322867713021
"700 W 52ND AV","Public",2,51.3391581527021,1,3.89566185337758
"700 W 63RD AV","Public",2,228.607966763143,1,0.874860149590574
"7100 HUDSON ST","Public",2,64.4497244952092,1,3.10319402552088
"7200 CHAMPLAIN CRESCENT","Public",2,123.179581070162,1,1.62364572328008
"7200 KILLARNEY ST","Public",2,90.0035727264377,2,2.22213401025637
"7200 ROSS ST","Public",2,47.4809711271929,1,4.21221376168226
"7300 KILLARNEY ST","Public",2,84.6402793566499,2,2.36294116135011
"7400 ADERA ST","Public",2,47.2717064649375,1,4.23086059201913
"7500 FREMLIN ST","Public",2,52.5371025263923,1,3.80683346401772
"7500 GLADSTONE ST","Public",2,94.004884723795,1,2.12754901607124
"7900 FREMLIN ST","Public",2,46.1747708901166,1,4.33136962338038
"7900 INVERNESS ST","Public",2,99.1323446375032,2,2.01750499023643
"800 DUNSMUIR ST","Public",2,49.5705896266471,1,4.03465041481952
"800 W 66TH AV","Public",2,138.569235738106,1,1.4433218090197
"800 W 67TH AV","Public",2,138.586857344819,1,1.44313828765435
"800-900 E 51ST AV","Public",2,200.487967240652,1,0.99756610210893
"800-900 MALKIN AV","Public",2,265.619299954971,1,0.75295733417679
"8000-8200 MANITOBA ST","Public",2,237.614607618753,1,0.841699094194139
"8100 PRINCE EDWARD ST","Public",2,40.225936617574,2,4.97191654979697
"8200 LAUREL ST","Public",2,40.1816581636726,1,4.97739538735153
"8300-8500 GRANVILLE ST","Public",2,210.087357195361,1,0.95198493936034
"8700 LAUREL ST","Public",2,64.6799836667306,1,3.09214673013088
"900 CARDERO ST","Public",2,54.909439478785,1,3.64236098380266
"900 CHESTNUT ST","Public",2,63.0297010101701,1,3.17310723031558
"900 W 67TH AV","Public",2,49.9872942145018,1,4.00101672120469
"0 E 13TH AV","Public",1,102.217161702146,1,0.978309300852953
"0 E 29TH AV","Public",1,46.8895859985947,1,2.13266971482745
"0 E 57TH AV","Public",1,103.374557325835,1,0.967356016672477
"0 E PENDER ST","Lane",1,55.2472001681747,1,1.8100464764838
"0 MALTA PLACE","Public",1,77.9152722895358,1,1.28344542811063
"0 TAMATH CRESCENT","Public",1,313.083296307584,1,0.319403817384613
"0 W 15TH AV","Public",1,140.555068617276,1,0.711464915379853
"0 W 46TH AV","Public",1,133.333062026802,1,0.750001526102345
"0-100 E 62ND AV","Public",1,220.465292749825,1,0.4535861348184
"0-100 W 59TH AV","Public",1,46.7602142114568,1,2.13857018592312
"0-100 W 60TH AV","Public",1,209.651154831118,1,0.476982824542768
"0-100 W 61ST AV","Public",1,207.61224273349,1,0.481667163185405
"100 DUNSMUIR ST","Public",1,99.2011091045044,1,1.00805324560085
"100 E 19TH AV","Public",1,97.6551305007546,1,1.02401173893498
"100 E 28TH AV","Public",1,48.6357570238863,1,2.0561004108744
"100 E 47TH AV","Public",1,47.1538212808437,1,2.12071890005286
"100 E 55TH AV","Public",1,64.3519393524594,1,1.55395472158646
"100 GARDEN DRIVE","Public",1,50.6367305839252,1,1.97485103889676
"100 N CASSIAR ST","Public",1,65.9078012199577,1,1.51727106881118
"100 N TEMPLETON DRIVE","Public",1,50.3075164355312,1,1.9877745332181
"100 PEVERIL AV","Public",1,181.876532183641,1,0.549823546773093
"100 W BROADWAY","Lane",1,190.729680817563,1,0.524302245834786
"1000 CAMBIE ST","Public",1,92.3841412080286,1,1.08243686299819
"1000 CARDERO ST","Public",1,54.9181499075296,1,1.82089163907339
"1000 DAVIE ST","Public",1,205.931088861661,1,0.48559933593697
"1000 E 31ST AV","Lane",1,46.6748035955169,1,2.14248357350571
"1000 E 49TH AV","Public",1,50.1253602764769,1,1.9949981296579
"1000 E 7TH AV","Public",1,140.405075997601,1,0.712224962591156
"1000 GILFORD ST","Public",1,54.960605638247,1,1.81948504458274
"1000 NANAIMO ST","Public",1,49.530249098909,1,2.01896824302874
"1000 ODLUM DRIVE","Lane",1,49.0480635844681,1,2.03881647290285
"1000 SCHOOL GREEN","Public",1,114.171840006027,1,0.875872719531553
"1000 W 37TH AV","Public",1,111.311226806427,1,0.898381976994132
"1000 W 64TH AV","Public",1,49.3196965403879,1,2.02758749576064
"1000-1100 CHILCO ST","Public",1,54.8614094176764,1,1.8227748988122
"1000-1100 JERVIS ST","Public",1,55.0814410619478,1,1.81549353234121
"1100 BARCLAY ST","Public",1,221.0417422373,1,0.45240323835597
"1100 BIDWELL ST","Public",1,54.9174242456058,1,1.82091569977449
"1100 E 53RD AV","Public",1,50.0349767861119,1,1.99860190657182
"1100 HORNBY ST","Lane",1,164.486834186115,1,0.607951393160446
"1100 KASLO ST","Public",1,46.154435973123,1,2.16663897828223
"1100 MAXINE LANE","Lane",1,220.890622814552,1,0.452712744098489
"1100 RICHARDS ST","Public",1,164.635803044546,1,0.607401295166294
"1100 W 26TH AV","Public",1,106.555449806207,1,0.938478512191263
"1100 W 29TH AV","Public",1,109.845301440533,1,0.910371210134433
"1100 W 72ND AV","Public",1,55.3673220103103,1,1.80611950098252
"1100 W 8TH AV","Public",1,172.056826093204,1,0.581203328404009
"1100 W GEORGIA ST","Public",1,221.075649167457,1,0.452333852129746
"1100-1200 STATION ST","Public",1,259.90346987894,1,0.384758233687988
"1100-1200 W 48TH AV","Public",1,224.17155694383,1,0.446086922727028
"1200 BIDWELL ST","Public",1,54.9389910862307,1,1.82020088142942
"1200 BURNABY ST","Public",1,160.787829115888,1,0.621937621459674
"1200 BUTE ST","Public",1,54.9400125460129,1,1.82016703975538
"1200 COMMERCIAL DRIVE","Lane",1,50.3249089162301,1,1.98708755074864
"1200 CONNAUGHT DRIVE","Public",1,212.039751044707,1,0.471609684067757
"1200 E 49TH AV","Public",1,100.513510046481,1,0.994891134074977
"1200 E 55TH AV","Public",1,55.3699175235117,1,1.80603483755483
"1200 NELSON ST","Public",1,131.516750071513,1,0.760359421485283
"1200 PENDRELL ST","Public",1,161.148806868987,1,0.620544464107014
"1200 ROSEMARY BROWN LANE","Lane",1,160.659924945779,1,0.622432756854263
"1200 SKEENA ST","Public",1,45.7051007922072,1,2.18793960119765
"1200 SLOCAN ST","Public",1,46.1486457936565,1,2.16691082219677
"1200 TECUMSEH AV","Public",1,127.637736700489,1,0.783467355227845
"1200 TRANS CANADA HIGHWAY","Non-city",1,34.0376659010205,1,2.93792178026525
"1200 W 10TH AV","Public",1,171.9605471063,1,0.581528738322653
"1200 W 26TH AV","Public",1,171.196059258365,1,0.584125595140495
"1200 W 32ND AV","Lane",1,85.8114817702919,1,1.16534521880987
"1200 W 50TH AV","Public",1,129.714451818511,1,0.770924122933614
"1200 W 51ST AV","Public",1,79.2497183846377,1,1.26183413693221
"1200 W KING EDWARD AV","Public",1,171.114133736973,1,0.58440526107396
"1200-1300 BIDWELL ST","Public",1,54.8965152254479,1,1.82160925132173
"1200-1300 CARDERO ST","Public",1,54.916728975888,1,1.82093875336068
"1300 BURNABY ST","Public",1,140.452239085668,1,0.711985801372707
"1300 CYPRESS ST","Public",1,110.250832080229,1,0.907022632965076
"1300 E 18TH AV","Public",1,140.043222793606,1,0.714065257890979
"1300 E 21ST AV","Lane",1,78.2415984800561,1,1.27809249737517
"1300 E 43RD AV","Public",1,51.5221959503215,1,1.94091106086436
"1300 E 60TH AV","Public",1,220.639286240395,1,0.453228442241451
"1300 EIHU LANE","Lane",1,140.741000635185,1,0.710525003720915
"1300 NELSON ST","Public",1,140.58842935087,1,0.711296089313492
"1300 THE CRESCENT","Public",1,122.94061029337,1,0.81340087511663
"1300 TRIMBLE ST","Public",1,61.9601681415325,1,1.6139401005429
"1300 W 37TH AV","Public",1,171.959668172428,1,0.581531710678389
"1300 W 54TH AV","Public",1,83.8365599885855,1,1.19279703286508
"1300 W 72ND AV","Public",1,55.5721020109639,1,1.79946405446875
"1300 W KING EDWARD AV","Public",1,169.276180215677,1,0.590750570296356
"1300-1400 E 11TH AV","Public",1,237.365260807558,1,0.421291639980436
"1400 BEACH AV","Public",1,120.491555262644,1,0.829933681095104
"1400 CHESTNUT ST","Public",1,59.9600240868243,1,1.66777784904149
"1400 E 33RD AV","Public",1,107.943737648982,1,0.926408536317191
"1400 E 53RD AV","Public",1,49.9718305217188,1,2.0011274143047
"1400 E 55TH AV","Public",1,47.443370275944,1,2.10777605845394
"1400 GRANDVIEW HWY NORTH","Public",1,156.165377652415,1,0.640346800957219
"1400 HARO ST","Public",1,120.353125792716,1,0.83088826602003
"1400 NELSON ST","Public",1,120.473174709262,1,0.830060303808958
"1400 PARK DRIVE","Public",1,57.5430822342604,1,1.73782835602889
"1400 W 53RD AV","Public",1,122.318262272474,1,0.817539410241472
"1400 W 55TH AV","Public",1,51.6770204904321,1,1.93509608431304
"1400 W 62ND AV","Lane",1,50.0852736949051,1,1.9965948595819
"1400 W 64TH AV","Lane",1,50.4122983856411,1,1.98364294432731
"1400 W 8TH AV","Public",1,126.958512642465,1,0.787658880989065
"1400 WILLIAM ST","Lane",1,75.2855652765213,1,1.3282758737708
"1400-1500 E 61ST AV","Public",1,221.268453922591,1,0.451939705941924
"1400-1500 QUEBEC ST","Public",1,124.77199216879,1,0.801461916747481
"1500 BARCLAY ST","Public",1,120.924439045472,1,0.826962694963557
"1500 E 39TH AV","Public",1,49.9679499330489,1,2.00128282497057
"1500 E 41ST AV","Lane",1,50.1207903484872,1,1.9951800301772
"1500 E 54TH AV","Lane",1,47.9238032088818,1,2.08664574395604
"1500 HARWOOD ST","Public",1,120.811498226014,1,0.827735782341844
"1500 W 47TH AV","Lane",1,133.679874961065,1,0.748055756553674
"1500 W 8TH AV","Public",1,51.6652224449592,1,1.9355379744379
"1500 W KING EDWARD AV","Public",1,174.131286044269,1,0.574279339868753
"1500-1600 E 14TH AV","Public",1,242.233897765466,1,0.412824137837311
"1500-1600 GRANDVIEW HWY NORTH","Public",1,155.281112659207,1,0.643993324670906
"1600 E 56TH AV","Public",1,49.5702028023515,1,2.01734094973798
"1600 POWELL ST","Public",1,167.195729142118,1,0.59810140195028
"1600 RUPERT ST","Public",1,105.610731395911,1,0.946873472783007
"1600 STOVOLD LANE","Lane",1,73.9034505027047,1,1.35311679386797
"1600 VINE ST","Public",1,49.16556720379,1,2.0339437880479
"1600 W 14TH AV","Public",1,172.107348821703,1,0.581032714085885
"1600 W 6TH AV","Public",1,172.010434479028,1,0.581360080293223
"1600-1700 W 59TH AV","Public",1,323.335973624004,1,0.309275825016261
"1700 ADANAC ST","Lane",1,64.7713076582283,1,1.54389348641314
"1700 ADANAC ST","Public",1,29.5603919076967,1,3.38290508164619
"1700 BEACH AV","Public",1,198.985970839165,1,0.502547991590962
"1700 CYPRESS ST","Public",1,49.0161930845532,1,2.04014211849336
"1700 E 16TH AV","Public",1,46.6330718466412,1,2.14440087345871
"1700 E 30TH AV","Public",1,46.7701716534127,1,2.13811488101954
"1700 E 37TH AV","Lane",1,50.0402455345087,1,1.99839147333996
"1700 E 47TH AV","Public",1,133.79455704705,1,0.74741456010676
"1700 E 55TH AV","Public",1,215.272016116555,1,0.464528561602995
"1700 E 64TH AV","Public",1,156.828366321795,1,0.637639748123184
"1700 GRAVELEY ST","Public",1,140.581460180252,1,0.711331351031504
"1700 MATTHEWS AV","Public",1,140.574612213783,1,0.711366002901878
"1700 PANDORA ST","Public",1,153.728428924264,1,0.650497768693558
"1700 TOLMIE ST","Public",1,44.0565350647918,1,2.2698108204137
"1700 W 40TH AV","Public",1,141.890305712483,1,0.704769783234051
"1700 W 49TH AV","Lane",1,66.2593512766277,1,1.50922093369897
"1700 WOODLAND DRIVE","Public",1,50.3202355561085,1,1.98727209630204
"1700-1800 E 6TH AV","Public",1,236.052727037283,1,0.423634165362579
"1700-1800 ISLAND AV","Public",1,277.978233838179,1,0.359740396286616
"1800 COMOX ST","Public",1,160.76856247811,1,0.622012154979716
"1800 E 32ND AV","Lane",1,46.4526559663687,1,2.15272943860086
"1800 E GEORGIA ST","Lane",1,197.881192042339,1,0.505353737603339
"1800 KASLO ST","Lane",1,50.9411259350098,1,1.96305044626574
"1800 LILLOOET ST","Public",1,50.7065272664649,1,1.97213268963374
"1800 NANTON AV","Public",1,53.211525273756,1,1.87929211736616
"1800 VICTORIA DRIVE","Lane",1,50.2806746169964,1,1.98883568611064
"1800 W 10TH AV","Public",1,172.053191199914,1,0.581215607235129
"1800 W 3RD AV","Public",1,168.114641189517,1,0.594832188870862
"1800 W 49TH AV","Public",1,58.3290280065976,1,1.71441224751232
"1800 W 57TH AV","Public",1,105.163141248076,1,0.950903508712273
"1800 W 62ND AV","Public",1,149.50880935368,1,0.668856908380822
"1800-1900 E 39TH AV","Public",1,48.3090662423944,1,2.07000482059087
"1800-1900 E 53RD AV","Public",1,45.9380579601162,1,2.17684430819476
"1800-1900 E 64TH AV","Public",1,181.692503811839,1,0.550380438939627
"1800-1900 W 75TH AV","Public",1,129.094629867839,1,0.774625560353483
"1900 ADANAC ST","Lane",1,140.411189974671,1,0.712193949912673
"1900 E PENDER ST","Public",1,140.367332084496,1,0.712416475507306
"1900 HIGHBURY ST","Public",1,48.6346400552581,1,2.05614763235384
"1900 NANTON AV","Public",1,71.7854469893297,1,1.39304001289933
"1900 NAPIER ST","Public",1,31.2485992458368,1,3.20014344365605
"1900 SASAMAT ST","Public",1,66.4651116480403,1,1.50454874024045
"1900 VICTORIA DRIVE","Public",1,50.2652985492405,1,1.98944406750193
"1900 W 14TH AV","Public",1,174.30626531928,1,0.57370284319286
"1900 W 50TH AV","Public",1,52.5676138477457,1,1.90231194989438
"1900 W 5TH AV","Public",1,41.0190877039469,1,2.43788942166985
"1900 WINDERMERE ST","Public",1,50.7231971012039,1,1.97148456159966
"200 BEACH CRESCENT","Public",1,105.256014854035,1,0.95006447031722
"200 E 30TH AV","Public",1,46.2946841036563,1,2.16007522107926
"200 E 53RD AV","Public",1,102.061133344108,1,0.979804914206092
"200 E 54TH AV","Public",1,103.181074280318,1,0.969169982940133
"200 RENFREW ST","Public",1,100.522148895763,1,0.994805633370371
"200 W 12TH AV","Public",1,108.291285195585,1,0.923435342182794
"2000 CAROLINA ST","Public",1,70.5560284970148,1,1.41731333424232
"2000 CASSIAR ST","Public",1,55.8654183454099,1,1.79001613094009
"2000 DUNBAR ST","Public",1,46.6149651483976,1,2.14523382526732
"2000 E 54TH AV","Public",1,51.4816358460908,1,1.94244021885706
"2000 FERNDALE ST","Public",1,140.404189619917,1,0.71222945889796
"2000 HIGHBURY ST","Public",1,95.4452400112155,1,1.04772118534407
"2000 MAIN ST","Public",1,100.563755744293,1,0.994394046442275
"2000 SCARBORO AV","Lane",1,49.5661786153656,1,2.01750473394372
"2000 W 15TH AV","Lane",1,174.12523016659,1,0.574299312651747
"2000 W 16TH AV","Public",1,20.4627975366413,1,4.88691733478461
"2000 W 36TH AV","Lane",1,214.846720415827,1,0.465448110199002
"2000 YORK AV","Public",1,174.13506622578,1,0.574266873223239
"2000-2100 E 47TH AV","Public",1,195.166930227173,1,0.512381887052283
"2000-2100 E 48TH AV","Public",1,195.451918583063,1,0.511634783249784
"2000-2100 E 49TH AV","Public",1,145.729234667168,1,0.686204111538706
"2000-2100 E 61ST AV","Public",1,49.5283515838735,1,2.01904559312166
"2100 BAYSWATER ST","Public",1,46.5053163629237,1,2.15029179071933
"2100 BURQUITLAM DRIVE","Public",1,42.7730848484831,1,2.3379188186738
"2100 CAROLINA ST","Public",1,50.2691610860693,1,1.98929120437843
"2100 E 4TH AV","Lane",1,140.29932183001,1,0.712761820197269
"2100 E 54TH AV","Public",1,49.4819276521877,1,2.02093986117331
"2100 E 5TH AV","Lane",1,140.302144567297,1,0.712747480150127
"2100 E PENDER ST","Public",1,139.815751733595,1,0.715226995242568
"2100 GRAVELEY ST","Public",1,140.421740022304,1,0.712140441958036
"2100 HIGHBURY ST","Public",1,95.3029800541472,1,1.0492851319359
"2100 NANAIMO ST","Public",1,17.1838156683049,1,5.81942927754093
"2100 PANDORA ST","Public",1,140.329811595268,1,0.712606956876809
"2100 VICTORIA DRIVE","Public",1,50.223439443404,1,1.99110218472171
"2100 W 11TH AV","Public",1,123.460563799055,1,0.809975241671183
"2100 W 8TH AV","Public",1,171.958943440332,1,0.581534161581419
"2100 WALL ST","Lane",1,56.9449224917226,1,1.75608281870145
"2200 CHARLES ST","Public",1,140.328350258904,1,0.712614377746914
"2200 E 2ND AV","Public",1,140.228452727957,1,0.71312203803603
"2200 E 39TH AV","Public",1,236.049068593896,1,0.42364073112291
"2200 E 48TH AV","Public",1,49.5270748609533,1,2.01909764064906
"2200 E 54TH AV","Public",1,49.5156375404259,1,2.01956401991911
"2200 GRANVILLE ST","Public",1,93.2149838766984,1,1.07278889982191
"2200 KINGSWAY","Public",1,234.971230251092,1,0.42558401678852
"2200 MCLEAN DRIVE","Public",1,49.713517968941,1,2.01152531716778
"2200 MCMULLEN AV","Public",1,49.5017232996275,1,2.02013169106686
"2200 NAPIER ST","Public",1,140.380640388529,1,0.712348937312381
"2200 NEWPORT AV","Public",1,41.0723567266384,1,2.43472758735421
"2200 ONTARIO ST","Public",1,50.34225503696,1,1.98640287223094
"2200 SPRUCE ST","Public",1,46.64078303583,1,2.14404633651152
"2200 W 19TH AV","Public",1,172.006126390402,1,0.581374641116154
"2200 W 2ND AV","Lane",1,172.012132666766,1,0.581354340822733
"2200 W 33RD AV","Public",1,160.382908510292,1,0.623507834649246
"2200 W 49TH AV","Public",1,92.2992169534324,1,1.08343281016623
"2200-2300 BURQUITLAM DRIVE","Public",1,296.472348287147,1,0.33729958486093
"2200-2300 SW MARINE DRIVE","Public",1,227.856977537125,1,0.438871791774324
"2300 CHARLES ST","Lane",1,100.032173435463,1,0.999678369125073
"2300 E 19TH AV","Public",1,47.9197578350842,1,2.08682189806029
"2300 E HASTINGS ST","Lane",1,93.2062178205238,1,1.07288979574901
"2300 ETON ST","Public",1,86.8400445844798,1,1.1515424764979
"2300 FRASERVIEW DRIVE","Public",1,75.7038039505621,1,1.32093758545217
"2300 GRANT ST","Lane",1,102.136282412418,1,0.979084000690453
"2300 HIGHBURY ST","Public",1,38.3333993658179,1,2.6086911584776
"2300 KASLO ST","Public",1,50.1908427631168,1,1.99239531545555
"2300 KEITH DRIVE","Lane",1,50.3000638921691,1,1.9880690452874
"2300 OLIVER CRESCENT","Public",1,100.037347102186,1,0.999626668406672
"2300 PARKER ST","Lane",1,96.0456678158757,1,1.04117137476419
"2300 SEMLIN DRIVE","Public",1,50.2712934558157,1,1.98920682412701
"2300 TOLMIE ST","Public",1,47.4343254906276,1,2.10817796955411
"2300 W 49TH AV","Public",1,76.7995570766671,1,1.30209084279187
"2400 BURRARD ST","Public",1,53.2011947362265,1,1.87965703582041
"2400 CORNWALL AV","Public",1,171.939644296968,1,0.581599435132502
"2400 DISCOVERY ST","Public",1,48.2236743901155,1,2.07367027222001
"2400 EDDINGTON DRIVE","Lane",1,54.6990598155019,1,1.82818498777304
"2400 LARCH ST","Public",1,48.1240897235659,1,2.07796138221875
"2400 NAPIER ST","Public",1,83.2957921480124,1,1.20054083671244
"2400 PANDORA ST","Lane",1,142.201779716581,1,0.703226079162355
"2400 POINT GREY ROAD","Lane",1,171.982456690221,1,0.581454654878679
"2400 W 18TH AV","Public",1,171.996938325376,1,0.581405698110883
"2400 WATERLOO ST","Public",1,48.1752793507919,1,2.0757534019023
"2400 WOODLAND DRIVE","Public",1,50.4689418012875,1,1.98141661843698
"2400-2600 EDGAR CRESCENT","Public",1,51.8692427716443,1,1.92792480970375
"2500 DISCOVERY ST","Public",1,48.225368624653,1,2.07359742085786
"2500 E 25TH AV","Public",1,170.036670141201,1,0.588108435180239
"2500 E 6TH AV","Public",1,184.175569868624,1,0.542960176918861
"2500 ETON ST","Public",1,190.385797297798,1,0.525249264489943
"2500 GRANT ST","Public",1,150.241391637528,1,0.665595538686567
"2500 PARKER ST","Public",1,192.837811858934,1,0.518570497331471
"2500 VENABLES ST","Public",1,192.790163576521,1,0.518698662550325
"2500 W 1ST AV","Public",1,165.68216565962,1,0.603565263659346
"2500 W 5TH AV","Public",1,164.979873852916,1,0.606134540320674
"2500 YORK AV","Lane",1,165.348479955984,1,0.604783303884135
"2500-2600 E 42ND AV","Public",1,163.591417210976,1,0.611279012706606
"2500-2600 W 36TH AV","Public",1,227.413647247441,1,0.439727347986259
"2600 BALACLAVA ST","Public",1,50.3189560670546,1,1.98732262781328
"2600 BOBOLINK AV","Public",1,118.927918842812,1,0.840845454734399
"2600 COURTENAY ST","Public",1,50.2845790894387,1,1.98868125796847
"2600 DISCOVERY ST","Public",1,50.2319355145852,1,1.99076541597654
"2600 KINGSWAY","Public",1,112.516891370026,1,0.888755446247956
"2600 MACKENZIE ST","Public",1,50.3009368368912,1,1.98803454345723
"2600 MCBAIN AV","Public",1,71.4159731702375,1,1.40024696942273
"2600 MCGILL ST","Public",1,190.295146252655,1,0.525499477885946
"2600 QUEBEC ST","Public",1,100.575722433405,1,0.994275731563487
"2600 SKEENA ST","Public",1,122.455504035901,1,0.816623154567905
"2600 SOPHIA ST","Public",1,48.5545015884187,1,2.05954127276743
"2600 TEMPLETON DRIVE","Public",1,50.3037252020586,1,1.98792434552954
"2600 W 6TH AV","Public",1,133.821985971074,1,0.747261365719198
"2600 WALL ST","Public",1,200.510779505673,1,0.498726304124566
"2600 WILLIAM ST","Public",1,190.449974297991,1,0.525072268287803
"2600 YEW ST","Public",1,51.0234332901575,1,1.95988379361548
"2600-2700 CAMBIE ST","Public",1,206.868556643231,1,0.483398741803287
"2700 ALBERTA ST","Public",1,51.1674899061845,1,1.95436594961664
"2700 E 18TH AV","Lane",1,55.5526258147185,1,1.80009492860921
"2700 E 50TH AV","Public",1,95.0910578999457,1,1.0516235933059
"2700 E 5TH AV","Public",1,183.401313409591,1,0.545252365650564
"2700 FRANKLIN ST","Public",1,190.598891278281,1,0.524662023631589
"2700 OLIVER CRESCENT","Public",1,181.775629387488,1,0.550128751235578
"2700 TOLMIE ST","Public",1,50.2950980415773,1,1.98826533586501
"2700 TRAFALGAR ST","Public",1,65.0418181949934,1,1.53747239507055
"2700 TRINITY ST","Public",1,191.012900396377,1,0.523524849853003
"2700 W 16TH AV","Public",1,49.1075643889621,1,2.03634615652975
"2700 W 32ND AV","Public",1,167.640594637466,1,0.596514228646448
"2700 W 7TH AV","Public",1,38.650049300726,1,2.58731882130152
"2700 WILLIAM ST","Public",1,183.117599267283,1,0.546097155053009
"2700-2800 W 39TH AV","Public",1,277.191601853765,1,0.360761290498101
"2800 CARNARVON ST","Public",1,50.2580068973705,1,1.98973270476494
"2800 E 24TH AV","Public",1,50.5969763554471,1,1.9764026865458
"2800 E 40TH AV","Public",1,53.1553870095044,1,1.88127686817744
"2800 ETON ST","Lane",1,190.309335868102,1,0.525460296226913
"2800 HIGHBURY ST","Lane",1,50.6879997483064,1,1.97285354514983
"2800 ONTARIO ST","Lane",1,50.3226835174047,1,1.98717542488397
"2800 TURNER ST","Public",1,85.7092777984282,1,1.16673483394856
"2800 W 23RD AV","Public",1,169.42761931701,1,0.590222541065714
"2800 W 33RD AV","Public",1,163.229338426849,1,0.612634964791057
"2800 W 36TH AV","Public",1,160.239408595928,1,0.624066207409487
"2800 W 43RD AV","Public",1,153.903221222209,1,0.649758979739727
"2800 WALL ST","Public",1,200.838847863237,1,0.497911639425933
"2900 CHARLES ST","Public",1,96.502827154024,1,1.03623907142528
"2900 E 14TH AV","Lane",1,143.480465636565,1,0.696958987109084
"2900 E 26TH AV","Public",1,197.291103139132,1,0.50686522812678
"2900 E 44TH AV","Public",1,204.798473974249,1,0.488284888356024
"2900 E 54TH AV","Public",1,113.260804122433,1,0.882917976565856
"2900 E 56TH AV","Public",1,74.0834597426865,1,1.34982896786043
"2900 FRASER ST","Lane",1,50.2708042518378,1,1.9892261818418
"2900 HIGHBURY ST","Public",1,50.2253073665579,1,1.99102813388822
"2900 MAPLE ST","Public",1,51.1638405628245,1,1.95450534791674
"2900 W 24TH AV","Public",1,87.4430964621411,1,1.14360085639574
"2900 W 27TH AV","Public",1,192.940661636502,1,0.518294065915451
"2900 W 28TH AV","Public",1,199.839856157855,1,0.500400680437886
"2900 W KING EDWARD AV","Public",1,141.871456343498,1,0.704863420573346
"2900-3000 E HASTINGS ST","Public",1,380.959042964913,1,0.262495409537266
"2900-3000 W 5TH AV","Public",1,200.002383446747,1,0.499994041454143
"300 E 11TH AV","Public",1,36.9141348658981,1,2.70898939832345
"300 E 24TH AV","Public",1,102.534933029004,1,0.975277371778385
"300 E 26TH AV","Lane",1,58.2424132178502,1,1.71696182343886
"300 E 46TH AV","Public",1,148.257453917491,1,0.674502342766879
"300 VERNON DRIVE","Public",1,33.8666377839907,1,2.95275842372731
"300 W 48TH AV","Public",1,60.0430641716505,1,1.66547129763599
"3000 E 16TH AV","Public",1,184.08500210816,1,0.543227307248229
"3000 E 1ST AV","Public",1,183.232795866006,1,0.545753829315184
"3000 E 21ST AV","Public",1,184.371654712007,1,0.542382722312725
"3000 E 23RD AV","Public",1,43.5864688040917,1,2.29429001118376
"3000 E 26TH AV","Public",1,183.228066836353,1,0.545767914963123
"3000 E 56TH AV","Public",1,79.6092933154504,1,1.25613475305894
"3000 KINGSWAY","Public",1,111.871623490732,1,0.893881726926801
"3000 MADDAMS ST","Lane",1,30.193045218342,1,3.31202100605775
"3000 MAIN ST","Public",1,100.499369806538,1,0.995031115045804
"3000-3100 W 26TH AV","Public",1,200.499704379028,1,0.498753852579045
"3000-3100 W 39TH AV","Public",1,201.181208926462,1,0.497064315964784
"3100 DISCOVERY ST","Public",1,60.3397624427068,1,1.65728196386174
"3100 E 15TH AV","Public",1,183.083767539126,1,0.546198067388084
"3100 E 16TH AV","Public",1,182.967924790542,1,0.546543882565634
"3100 E 20TH AV","Public",1,182.853665026803,1,0.54688540142382
"3100 E 51ST AV","Public",1,112.310145844549,1,0.890391506911694
"3100 E 63RD AV","Public",1,208.054404027876,1,0.480643514696289
"3100 FIR ST","Lane",1,51.1688401368333,1,1.95431437829321
"3100 MAPLE ST","Public",1,51.2406125733022,1,1.95157698118743
"3100 NEW BRIGHTON ROAD","Public",1,302.702179837286,1,0.330357713491702
"3100 POINT GREY ROAD","Public",1,141.711095934951,1,0.70566104467855
"3100 SOPHIA ST","Public",1,50.4911466564669,1,1.98054523658143
"3100 TOLMIE ST","Public",1,50.327618361965,1,1.98698057358452
"3100 W 6TH AV","Public",1,38.6061453075761,1,2.59026119296028
"3100 WATERLOO ST","Public",1,110.312073482636,1,0.90651908574396
"3200 CAROLINA ST","Public",1,49.9822742657983,1,2.00070928081853
"3200 CLIVE AV","Public",1,170.576536534718,1,0.586247100753197
"3200 E 15TH AV","Public",1,54.5335004272809,1,1.8337352126029
"3200 E 21ST AV","Public",1,143.181449805015,1,0.698414495286787
"3200 E 25TH AV","Public",1,144.040117164744,1,0.694251032062311
"3200 E 29TH AV","Public",1,67.0219867215484,1,1.49204768303069
"3200 INVERNESS ST","Public",1,50.2641256410993,1,1.98949049097222
"3200 RUPERT ST","Lane",1,54.9188922520814,1,1.82086702588598
"3200 W 22ND AV","Lane",1,61.7162735869071,1,1.62031817846525
"3200 W 22ND AV","Public",1,120.075949167878,1,0.83280624215754
"3200 W 30TH AV","Public",1,50.1558272716682,1,1.99378627449113
"3200 W 5TH AV","Public",1,112.049543514077,1,0.892462359629665
"3200 W 6TH AV","Public",1,140.255421749978,1,0.712984915323
"3200 W 7TH AV","Lane",1,28.2015034568488,1,3.54591024386378
"3200 WATSON ST","Lane",1,50.1588712444898,1,1.99366527832274
"3200-3300 BALACLAVA ST","Public",1,69.1281831918545,1,1.44658799613561
"3300 E 1ST AV","Public",1,198.023885500273,1,0.50498958621768
"3300 E 44TH AV","Lane",1,30.9379038208762,1,3.23228104201819
"3300 E 44TH AV","Public",1,167.122864140673,1,0.598362172131197
"3300 E 6TH AV","Public",1,143.738521027969,1,0.695707728762159
"3300 HIGHBURY ST","Public",1,50.159284156088,1,1.99364886645542
"3300 KITCHENER ST","Public",1,33.0685714533409,1,3.02401935145877
"3300 PENTICTON ST","Public",1,47.6918095030634,1,2.09679609647809
"3300 SEAFORTH DRIVE","Lane",1,117.819679337165,1,0.848754644067817
"3300 THE CRESCENT","Public",1,71.4811469279945,1,1.39897027814528
"3300 WALLACE ST","Public",1,51.8392466933422,1,1.92904037729474
"3300 YEW ST","Lane",1,60.907373598319,1,1.64183733581249
"3300-3400 W 26TH AV","Public",1,232.401647179086,1,0.430289549208492
"3300-3400 W 28TH AV","Public",1,46.4865521285844,1,2.151159753113
"3300-3400 W 30TH AV","Public",1,193.355609583357,1,0.517181788599153
"3300-3400 W 36TH AV","Public",1,240.060258686309,1,0.416562077151936
"3300-3400 W 40TH AV","Public",1,239.762879998841,1,0.41707874046426
"3300-3400 W 42ND AV","Public",1,240.153084975053,1,0.416401063556555
"3400 BALACLAVA ST","Public",1,59.7777427127327,1,1.67286343481652
"3400 BLAKE ST","Public",1,116.274157028336,1,0.860036336153613
"3400 E 4TH AV","Lane",1,182.41612436715,1,0.548197152784198
"3400 FRASER ST","Public",1,100.703200569561,1,0.993017098110247
"3400 SW MARINE DRIVE","Public",1,125.260088485315,1,0.798338889978698
"3400 W 7TH AV","Public",1,112.136456641288,1,0.891770642618829
"3400 WORTHINGTON DRIVE","Public",1,126.255567130402,1,0.792044281870881
"3400-3500 E 48TH AV","Public",1,312.492191273816,1,0.320007996335424
"3400-3500 FALAISE AV","Public",1,71.5100891914982,1,1.398404073196
"3500 ADANAC ST","Public",1,190.658054702224,1,0.524499214870221
"3500 E PENDER ST","Public",1,190.493834806137,1,0.524951372320101
"3500 INVERNESS ST","Public",1,50.2157989665304,1,1.99140513659161
"3500 LAKEWOOD ST","Public",1,49.2885599061736,1,2.02886836601356
"3500 LAUREL ST","Public",1,50.858932448218,1,1.96622294622119
"3500 MAYFAIR AV","Public",1,239.532376379245,1,0.4174800981462
"3500 VALLEY DRIVE","Public",1,56.6650895498748,1,1.76475499808367
"3500 W 35TH AV","Public",1,192.641939490864,1,0.519097763780262
"3500 W 41ST AV","Public",1,196.713288840745,1,0.508354064889626
"3500 WILLIAM ST","Public",1,166.17805236969,1,0.6017641835008
"3600 ADANAC ST","Public",1,152.854719790499,1,0.654215978002241
"3600 COLUMBIA ST","Public",1,48.1847348718583,1,2.07534606688069
"3600 E 1ST AV","Public",1,183.336099475112,1,0.545446315735408
"3600 FOSTER AV","Lane",1,79.5855714073761,1,1.256509166569
"3600 HENNEPIN AV","Public",1,44.9456225053329,1,2.22491077942317
"3600 MAIN ST","Lane",1,50.2573755732146,1,1.98975769943102
"3600 PRICE ST","Lane",1,65.6578143176384,1,1.52304795764631
"3600 ST. CATHERINES ST","Public",1,50.2709144703281,1,1.98922182048278
"3600 VALLEY DRIVE","Public",1,56.7715392248887,1,1.76144598799534
"3600 W 2ND AV","Public",1,150.45405612377,1,0.664654729665352
"3600 W 39TH AV","Public",1,54.5468363410229,1,1.83328689082548
"3600 W 5TH AV","Lane",1,150.509846196531,1,0.664408359499773
"3600-3700 W 17TH AV","Public",1,165.410605403578,1,0.604556157424212
"3600-3700 W 34TH AV","Public",1,210.379967331511,1,0.475330428407295
"3600-3800 W 50TH AV","Public",1,405.032000654551,1,0.246894072168113
"3700 ANGUS DRIVE","Public",1,107.753167736785,1,0.928046962334102
"3700 BALACLAVA ST","Public",1,26.2949894963736,1,3.80300589257855
"3700 CARNARVON ST","Public",1,50.2720157931297,1,1.98917824205621
"3700 HIGHBURY ST","Public",1,50.3059915552429,1,1.98783478684018
"3700 KASLO ST","Lane",1,51.4255701140617,1,1.9445579266929
"3700 NANAIMO ST","Lane",1,51.752152167087,1,1.93228679026024
"3700 SLOCAN ST","Lane",1,51.6380780440209,1,1.93655542165514
"3800 ALEXANDRA ST","Lane",1,57.100058653929,1,1.75131168614166
"3800 ALEXANDRA ST","Public",1,51.0800367800921,1,1.95771198111145
"3800 ASH ST","Public",1,50.0539278276299,1,1.99784521095665
"3800 CARTIER ST","Public",1,65.2521461738982,1,1.53251664295452
"3800 GLENGYLE ST","Public",1,82.4968431425684,1,1.21216759563979
"3800 NANAIMO ST","Lane",1,54.5263693666217,1,1.83397503192675
"3800 ST. CATHERINES ST","Public",1,50.2817040720014,1,1.98879496718735
"3800 W 2ND AV","Public",1,98.8112469083427,1,1.01203054438489
"3800 W BROADWAY","Lane",1,365.713796333621,1,0.27343786590095
"3800-3900 GLENDALE ST","Public",1,153.781637009446,1,0.650272697993566
"3900 ASH ST","Public",1,66.6742274721915,1,1.49982990116696
"3900 BALACLAVA ST","Public",1,50.3473800001133,1,1.98620067220529
"3900 NANAIMO ST","Lane",1,49.6835615465341,1,2.01273815497987
"3900 SOPHIA ST","Public",1,50.5169943710859,1,1.9795318633849
"3900 W 18TH AV","Public",1,200.657909513826,1,0.498360619037096
"3900 W 23RD AV","Public",1,200.744049205852,1,0.498146771451518
"3900 W 30TH AV","Public",1,200.467925023712,1,0.49883291797514
"3900 W 34TH AV","Public",1,200.597044166469,1,0.498511832093665
"3900 W 37TH AV","Public",1,200.499205088296,1,0.498755094594824
"3900 WINDSOR ST","Public",1,50.320576863442,1,1.98725861731228
"3900-4000 CARTIER ST","Public",1,84.1043811621826,1,1.1889987015916
"400 CAMBIE ST","Public",1,61.8074421865843,1,1.6179281404029
"400 DUNSMUIR ST","Public",1,49.6122874132545,1,2.01562970009893
"400 E 26TH AV","Public",1,49.5326035905615,1,2.01887227303059
"400 E 30TH AV","Lane",1,197.482664298337,1,0.506373561220188
"400 E 31ST AV","Public",1,189.252352660117,1,0.528395016465621
"400 E 48TH AV","Public",1,153.005203879757,1,0.653572541745623
"400 LILLOOET ST","Public",1,103.009005874953,1,0.970788904820558
"400 W 27TH AV","Public",1,80.2847264384336,1,1.24556692706283
"400 W 29TH AV","Public",1,153.513467476215,1,0.65140864605572
"400 W 38TH AV","Public",1,62.9695503627598,1,1.58806914491071
"400 W KING EDWARD AV","Public",1,46.6185155668061,1,2.1450704464559
"4000 DUNBAR ST","Public",1,110.705081330102,1,0.903300903612716
"4000 KAMLOOPS ST","Public",1,49.644744683036,1,2.01431190025176
"4000 MAPLE CRESCENT","Public",1,46.7698866870584,1,2.13812790843624
"4000 NOOTKA ST","Lane",1,49.6166143304541,1,2.01545392303443
"4000 PRINCE ALBERT ST","Public",1,61.3272920332467,1,1.63059539537125
"4000 VICTORIA DRIVE","Lane",1,47.904525076606,1,2.08748546906761
"4000 W 15TH AV","Public",1,173.572807588515,1,0.576127109939178
"4000 W 29TH AV","Lane",1,229.609879846248,1,0.435521328903453
"4100 CAMBIE ST","Public",1,116.111548866116,1,0.861240772141505
"4100 MUSQUEAM DRIVE","Public",1,136.307482581598,1,0.733635440300477
"4100 ONTARIO ST","Public",1,60.6751698681156,1,1.64812064337622
"4100 TYTAHUN CRESCENT","Public",1,68.6904357903006,1,1.45580674877769
"4100 VALLEY DRIVE","Public",1,24.0728574989774,1,4.15405607764877
"4100-4200 ATLIN ST","Public",1,181.950025037017,1,0.549601463257042
"4100-4200 PINE CRESCENT","Public",1,153.657840582239,1,0.650796598605583
"4100-4200 YEW ST","Public",1,92.351049724826,1,1.08282472476453
"4100-4200 YUCULTA CRESCENT","Public",1,230.566035745245,1,0.433715224693766
"4200 E 25TH AV","Lane",1,50.5785288821271,1,1.97712353858787
"4200 W 16TH AV","Public",1,219.560130422215,1,0.455456096731676
"4300 ASH ST","Public",1,51.1859953898396,1,1.9536593796484
"4300 JAMES ST","Public",1,98.8176155935431,1,1.01196532014414
"4300 MARGUERITE ST","Public",1,105.836503191977,1,0.944853590056821
"4300 W 11TH AV","Public",1,220.604247329733,1,0.453300429209469
"4300 W 16TH AV","Public",1,221.845238628226,1,0.450764689016304
"4300 W 6TH AV","Public",1,220.542608704148,1,0.453427120444319
"4300 YUKON ST","Public",1,51.3859941317077,1,1.946055568054
"4300-4400 ANGUS DRIVE","Public",1,229.278167037969,1,0.436151428162106
"4400 ALMA ST","Public",1,52.7002457500184,1,1.89752435831791
"4400 ASH ST","Public",1,53.7660367806172,1,1.85991019587388
"4400 CROWN ST","Public",1,56.2568670928649,1,1.77756077022432
"4400 W 12TH AV","Public",1,220.568187605701,1,0.453374537305284
"4400-4500 HARRIET ST","Public",1,246.387758384033,1,0.405864319947807
"4500 ASH ST","Public",1,53.8225867824963,1,1.85795603626619
"4500 HAGGART ST","Public",1,49.0172640569051,1,2.04009754367172
"4500 MCHARDY ST","Public",1,51.3487818899162,1,1.94746586616961
"4500 MOSS ST","Public",1,47.2666229902352,1,2.11565780827327
"4500 NANAIMO ST","Lane",1,50.226828179776,1,1.99096784774208
"4500 PINE CRESCENT","Public",1,51.1207719612385,1,1.95615199386706
"4500 W 11TH AV","Public",1,220.695589149077,1,0.453112816552266
"4500 W 5TH AV","Public",1,220.455495418019,1,0.45360629278206
"4500 W 8TH AV","Public",1,220.469417691457,1,0.453577648306526
"4500 WINDSOR ST","Public",1,73.725316655501,1,1.35638617148671
"4600 MAPLE CRESCENT","Public",1,107.182749558175,1,0.932985955409952
"4600 NANAIMO ST","Public",1,104.10315549919,1,0.960585676010347
"4600 QUEBEC ST","Lane",1,143.99444214192,1,0.694471248421106
"4600 W 16TH AV","Public",1,222.959261591303,1,0.448512429070139
"4600-4800 GOTHARD ST","Public",1,240.967530541361,1,0.414993670621675
"4700 DUNBAR ST","Public",1,105.935605102608,1,0.943969687086232
"4700 MCHARDY ST","Lane",1,50.0010975103087,1,1.99995610055125
"4700 PINE CRESCENT","Lane",1,178.561390176097,1,0.56003148217753
"4700-4800 CULLODEN ST","Public",1,166.997044028327,1,0.598812994456581
"4700-4800 ELGIN ST","Public",1,162.246655584175,1,0.616345524287983
"4700-4800 WINDSOR ST","Public",1,162.459027566198,1,0.615539816396184
"4800 BLENHEIM ST","Lane",1,52.7054853338407,1,1.89733572068623
"4800 JOYCE ST","Public",1,110.419300174919,1,0.905638777293344
"4800 SOPHIA ST","Public",1,49.8718772720144,1,2.00513807520366
"4900 RUBY ST","Lane",1,40.4423610250353,1,2.47265484668653
"4900-5000 MARGUERITE ST","Public",1,225.652575030809,1,0.443159135172052
"500 DENMAN ST","Public",1,58.5848400770575,1,1.70692622645156
"500 E 6TH AV","Public",1,140.326790171806,1,0.712622300257614
"500 W 16TH AV","Public",1,124.782061517241,1,0.801397242392755
"500 W 39TH AV","Public",1,53.8387784657955,1,1.85739726735315
"500 W 60TH AV","Public",1,161.441538405723,1,0.619419270824137
"500 W 61ST AV","Lane",1,167.428452355782,1,0.597270049343239
"500 W 64TH AV","Lane",1,229.728507352864,1,0.43529643383091
"500-600 E 53RD AV","Public",1,190.895954228663,1,0.523845570243024
"500-600 E 55TH AV","Public",1,193.211439273489,1,0.517567698765759
"500-600 E 56TH AV","Public",1,236.713981892512,1,0.422450753438842
"500-700 RAYMUR AV","Public",1,308.204375487641,1,0.324460027025184
"5000 CROWN ST","Public",1,52.6926566765541,1,1.89779764975288
"5000 HIGHBURY ST","Public",1,52.8984688675737,1,1.89041388419655
"5000 MACDONALD ST","Public",1,52.590290259779,1,1.90149169183194
"5000 WALLACE ST","Public",1,52.8111064256919,1,1.89354108951884
"5000-5100 BOUNDARY ROAD","Public",1,243.16326108737,1,0.411246335292688
"5100 COMMERCIAL ST","Public",1,46.2416193917736,1,2.16255402201139
"5100 RUBY ST","Lane",1,91.0819591214393,1,1.0979122645646
"5100 RUBY ST","Public",1,201.750838597877,1,0.495660888921095
"5100-5200 CAMBIE ST","Public",1,217.247073747153,1,0.460305394568338
"5100-5200 KERSLAND DRIVE","Public",1,304.463224706642,1,0.328446892383645
"5100-5300 RHODES ST","Public",1,59.0226246527665,1,1.69426555644222
"5100-5300 WINDSOR ST","Public",1,195.384963183483,1,0.511810112562714
"5200 JOYCE ST","Public",1,134.715651166304,1,0.74230424701397
"5300 CROWN ST","Public",1,55.5733634301357,1,1.79942320974896
"5300 HIGHBURY ST","Lane",1,55.3248719892377,1,1.80750531188672
"5300 HUDSON ST","Public",1,49.5558329967752,1,2.01792592219179
"5300 ONTARIO ST","Public",1,50.289399485582,1,1.98849063665336
"5300-5400 BRUCE ST","Public",1,182.423565580964,1,0.54817479135182
"5300-5400 HEATHER ST","Public",1,206.166792586106,1,0.485044166160925
"5400 MANITOBA ST","Public",1,45.9773728216052,1,2.17498290709227
"5400 QUEBEC ST","Lane",1,51.2344099109118,1,1.95181324765687
"5500 ALBERTA ST","Public",1,51.0933184378243,1,1.95720307581295
"5500 SELKIRK ST","Public",1,50.8395795925057,1,1.96697141875542
"5500 YEW ST","Public",1,49.2743737110743,1,2.02945248145336
"5500-5600 BAILLIE ST","Public",1,54.8292794851821,1,1.82384304406235
"5500-5600 INVERNESS ST","Public",1,183.725617474868,1,0.544289911088088
"5500-5600 LARCH ST","Public",1,49.6257174635226,1,2.01508421663636
"5500-5600 SHERBROOKE ST","Public",1,183.555770492704,1,0.544793550927753
"5600 BLENHEIM ST","Public",1,43.9836267261765,1,2.27357331450992
"5600 EARLES ST","Lane",1,70.4500239378488,1,1.41944593359145
"5600 WALES ST","Lane",1,119.4596715505,1,0.837102586187226
"5600-5700 WESSEX ST","Public",1,56.6813010065558,1,1.76425025933039
"5700 MONTGOMERY ST","Public",1,50.3358148855761,1,1.98665702000298
"5700 WALLACE ST","Lane",1,52.8046916365961,1,1.89377111958543
"5700-5800 MARGUERITE ST","Public",1,206.43515197722,1,0.484413623562691
"5800 WEST BOULEVARD","Public",1,98.4018833873007,1,1.0162407116377
"5800-5900 LINCOLN ST","Public",1,125.049648383238,1,0.79968237650322
"5900 MAPLE ST","Public",1,49.2267919878194,1,2.03141411337029
"5900 WALES ST","Public",1,61.5271691594525,1,1.62529824411135
"5900-6000 CHURCHILL ST","Public",1,206.905829120297,1,0.483311661276876
"600 ALEXANDER ST","Public",1,141.590031291468,1,0.706264410621866
"600 DAVIE ST","Public",1,49.5692328722353,1,2.01738042341204
"600 E 15TH AV","Public",1,109.55364147378,1,0.912794852409659
"600 E 50TH AV","Public",1,39.796753989923,1,2.51276775048843
"600 NICOLA ST","Public",1,62.6170038103071,1,1.59701029935801
"600 PRINCESS AV","Public",1,50.1687856883452,1,1.99327128667639
"600 SEYMOUR ST","Lane",1,176.48256389156,1,0.566628214113239
"600 VERNON DRIVE","Public",1,50.8429179105494,1,1.96684226849323
"600 W 23RD AV","Public",1,92.9336283061464,1,1.07603675679782
"600 W 31ST AV","Public",1,99.3188155829037,1,1.0068585636377
"600 W 32ND AV","Public",1,98.7653938927423,1,1.01250039167159
"600 W 54TH AV","Public",1,122.470711178117,1,0.816521754777461
"600 WOODLAND DRIVE","Public",1,50.5027734115887,1,1.98008927519718
"6000 ALBERTA ST","Public",1,50.7821041926051,1,1.96919764531069
"6000 MACKENZIE ST","Public",1,50.5936995167553,1,1.9765306936466
"6100 GLENDALOUGH PLACE","Public",1,132.06451281842,1,0.75720568581125
"6100 SOUTHLANDS PLACE","Public",1,105.975325962285,1,0.943615875600971
"6100-6200 FLEMING ST","Public",1,201.142564613287,1,0.497159813947179
"6100-6200 PRINCE ALBERT ST","Public",1,199.068939575066,1,0.50233853766168
"6200 FREMLIN ST","Lane",1,50.4561414760714,1,1.98191928820844
"6200 INVERNESS ST","Public",1,45.1131900464246,1,2.21664661481693
"6200 MONTGOMERY ST","Lane",1,50.6120940504662,1,1.97581234043168
"6200 MONTGOMERY ST","Public",1,50.5907284973395,1,1.97664676849354
"6200-6300 YUKON ST","Public",1,201.097254560166,1,0.497271831078536
"6200-6400 BEATRICE ST","Public",1,223.392653908629,1,0.447642293738547
"6300 FREMLIN ST","Lane",1,50.4021007483321,1,1.98404428615625
"6300 MONTGOMERY ST","Lane",1,50.5031634768943,1,1.98007398181603
"6300-6400 ADERA ST","Public",1,139.928324404153,1,0.714651593419866
"6300-6400 ARGYLE ST","Public",1,47.2606130898009,1,2.11592684610307
"6300-6400 CHESTER ST","Public",1,211.208112637587,1,0.473466661631461
"6300-6400 PRINCE ALBERT ST","Public",1,210.982041228799,1,0.473973990476068
"6400 ELLIOTT ST","Public",1,61.2469677150649,1,1.63273389247976
"6400 FREMLIN ST","Public",1,38.5073234614354,1,2.59690861402374
"6400 TISDALL ST","Public",1,105.827658662967,1,0.944932556038805
"6400 VIVIAN ST","Public",1,69.353420616436,1,1.44188994733305
"6500 MAPLE ST","Public",1,146.208660263767,1,0.683954013528308
"6500 MARINE CRESCENT","Public",1,139.194097746135,1,0.718421266556732
"6500 NANAIMO ST","Lane",1,64.5361295555966,1,1.54951963634342
"6500 VIVIAN ST","Public",1,54.0079248837348,1,1.85158011931164
"6500-6600 ARGYLE ST","Public",1,163.639237899056,1,0.61110037717046
"6500-6600 BERKELEY ST","Public",1,156.814098143082,1,0.637697765597307
"6600 ST. GEORGE ST","Lane",1,51.751271263784,1,1.93231968139072
"6700 LA SALLE ST","Public",1,61.6849840897209,1,1.62114007931898
"6700 SELKIRK ST","Public",1,98.4174367623687,1,1.01608011029034
"6700-6900 BUTLER ST","Public",1,248.9653611717,1,0.401662301652617
"6800 NANAIMO ST","Public",1,18.7431061294661,1,5.33529497775131
"6800-6900 HEATHER ST","Public",1,198.67530436977,1,0.503333820563235
"6900 ARGYLE ST","Public",1,152.066130346736,1,0.657608632323212
"6900 GLADSTONE ST","Lane",1,53.5649306476926,1,1.86689311067572
"6900 HUDSON ST","Public",1,29.4557760748773,1,3.3949198875561
"6900 PRINCE EDWARD ST","Public",1,100.244521350416,1,0.997560750980486
"700 ALEXANDER ST","Public",1,178.410334466814,1,0.560505647270118
"700 CLARK DRIVE","Public",1,50.2525302341848,1,1.989949551475
"700 E 62ND AV","Public",1,125.431860197144,1,0.797245610826688
"700 E PENDER ST","Public",1,172.145301350704,1,0.580904614969852
"700 UNION ST","Public",1,171.829239447653,1,0.581973128214099
"700 W BROADWAY","Lane",1,141.521249741333,1,0.706607666218154
"700 WOODLAND DRIVE","Public",1,50.4827526454101,1,1.98087455140171
"700-800 W 48TH AV","Public",1,222.12222841073,1,0.45020257862301
"7000 DUMFRIES ST","Lane",1,46.8907980259953,1,2.13261458985113
"7000 ONTARIO ST","Public",1,100.581593703806,1,0.994217692498304
"7000-7100 KERR ST","Public",1,61.2540722133565,1,1.63254452131257
"7100 ONTARIO ST","Public",1,95.7477251371484,1,1.04441123647335
"7100 ROSS ST","Public",1,25.759328325797,1,3.88208880042317
"7100-7200 DUFF ST","Public",1,107.212589801904,1,0.932726279486107
"7100-7200 SHERBROOKE ST","Public",1,113.907166859356,1,0.877907885493037
"7200 BERKELEY ST","Public",1,41.9529543629901,1,2.38362235790997
"7200-7300 RUPERT ST","Public",1,86.7404774162974,1,1.15286430255699
"7400 DUMFRIES ST","Lane",1,54.2126000168303,1,1.84458963357144
"7400 HEATHER ST","Public",1,127.76766751599,1,0.782670623516588
"7400 ONTARIO ST","Lane",1,48.3176168582505,1,2.06963849838394
"7400 PRINCE ALBERT ST","Public",1,47.2114590225352,1,2.11812983691666
"7500 ADERA ST","Public",1,54.6808201777802,1,1.82879480729946
"7500 BORDEN ST","Public",1,49.6466342632346,1,2.01423523435211
"7500 OSLER ST","Lane",1,49.6553785673218,1,2.01388052785504
"7500 PRINCE ALBERT ST","Public",1,50.3870022522057,1,1.98463880624338
"7500-7700 OAK ST","Public",1,225.744518397148,1,0.442978641120631
"7600 BORDEN ST","Public",1,47.3077320785474,1,2.1138193611557
"7600 STIKINE PLACE","Public",1,54.1372029006564,1,1.84715860151666
"7700 ADERA ST","Public",1,52.6862679593948,1,1.89802777598652
"7700 ASH ST","Public",1,50.3432285144634,1,1.9863644615337
"7700 JASPER CRESCENT","Public",1,87.9178992216347,1,1.13742481207276
"7700 KERR ST","Public",1,189.99167241647,1,0.526338858583209
"7700 MONTCALM ST","Public",1,116.965335667221,1,0.854954157396775
"7700 MUNROE CRESCENT","Public",1,130.484658648348,1,0.766373618445805
"7700-7800 THORNHILL DRIVE","Public",1,60.0177844809773,1,1.66617279969232
"7800 ARGYLE ST","Public",1,96.1576143602329,1,1.0399592446769
"7800 OAK ST","Lane",1,142.498995381947,1,0.701759333334003
"7900 LEASIDE ST","Public",1,50.2822789261784,1,1.98877223020886
"800 CARDERO ST","Public",1,54.9172917993259,1,1.8209200913514
"800 E 31ST AV","Public",1,140.420971003048,1,0.712144342014479
"800 E PENDER ST","Public",1,172.437283562495,1,0.579920988860611
"800 GORE AV","Public",1,50.8013719622054,1,1.96845077480185
"800 GREENCHAIN","Public",1,96.679937053408,1,1.03434076446241
"800 W 17TH AV","Public",1,123.380466666071,1,0.810501067974155
"800 W 19TH AV","Public",1,171.887923926817,1,0.581774436013179
"800 W 23RD AV","Public",1,75.3449594733992,1,1.32722879803665
"800 W 39TH AV","Public",1,105.034020270339,1,0.95207247844668
"800 W 59TH AV","Public",1,77.5306258329587,1,1.28981288265945
"800 W 61ST AV","Public",1,192.078598425359,1,0.520620208705133
"800 W 66TH AV","Lane",1,138.556670545965,1,0.721726349268953
"800 W 7TH AV","Public",1,37.4457793288008,1,2.67052794179895
"800 W KING EDWARD AV","Public",1,173.406976122495,1,0.576678068184291
"800-900 CARDERO ST","Public",1,54.9336328319481,1,1.82037842474242
"800-900 E 54TH AV","Public",1,129.614419264441,1,0.771519099244498
"8000 ADERA ST","Public",1,48.5863852160663,1,2.05818974915081
"8000 ASH ST","Public",1,50.3499271288264,1,1.98610019323639
"8000-8200 FRENCH ST","Public",1,204.200628142177,1,0.489714458323674
"8000-8200 MONTCALM ST","Public",1,251.348016097111,1,0.397854741615959
"8300-8400 BEATRICE ST","Public",1,66.082786662288,1,1.51325337581546
"8400 ELLIOTT ST","Public",1,38.2927740401198,1,2.61145875446968
"8500 WILTSHIRE ST","Public",1,54.7798038355769,1,1.82549029018346
"8600 HEATHER ST","Public",1,136.423844024796,1,0.733009692805783
"8600 SHAUGHNESSY ST","Public",1,172.771471185618,1,0.578799261902242
"8700 OAK ST","Lane",1,157.880758954307,1,0.633389405158238
"8700-8900 LAUREL ST","Public",1,160.00322716149,1,0.624987394154688
"8800 SELKIRK ST","Lane",1,156.194601807371,1,0.640226991476481
"900 E 7TH AV","Public",1,140.381927449741,1,0.712342406295863
"900 JERVIS ST","Lane",1,55.0629168473091,1,1.8161042989659
"900 MCLEAN DRIVE","Public",1,48.5925157724067,1,2.05793008265658
"900 TERMINAL AV","Public",1,180.336067743511,1,0.554520242407794
"900 W 33RD AV","Public",1,154.2110453653,1,0.648461981196724
"900 W 64TH AV","Public",1,49.2907591456805,1,2.02877784260629
"900 W 7TH AV","Public",1,174.093106815528,1,0.574405281341564
"900 W KING EDWARD AV","Public",1,205.735741197749,1,0.486060416230168
"PENNYFARTHING DRIVE","Non-city",1,316.657683924466,1,0.315798431797579
